frame_index,time_sec,yaw,pitch,roll,raw_yaw,raw_pitch,raw_roll,smoothed_yaw,smoothed_pitch,smoothed_roll,confidence,yaw_confidence,pitch_confidence,roll_confidence,status,warnings,detected_line_count,near_horizontal_count,near_vertical_count,perspective_line_count,vanishing_point_candidate_count,horizon_candidate_count,selected_horizon_y_at_center,selected_vanishing_point_x,selected_vanishing_point_y
0,0.0,-62.98,1.26,2.57,-62.98,1.26,2.57,,,,0.9,0.99,0.88,0.83,full,[],70,59,1,10,32,22,173.35,254.27,107.0
1,0.1,-54.47,1.7,1.91,-54.47,1.7,1.91,,,,0.89,0.97,0.87,0.82,full,[],88,74,2,12,45,22,168.62,359.14,128.73
2,0.2,-30.28,2.71,1.8,-30.28,2.71,1.8,,,,0.9,0.96,0.92,0.82,full,[],92,81,3,8,25,17,157.6,511.8,141.19
3,0.3,-49.45,2.75,0.91,-49.45,2.75,0.91,,,,0.91,0.97,0.93,0.82,full,[],95,79,4,12,32,19,157.2,402.42,107.26
4,0.4,-58.66,2.77,0.8,-58.66,2.77,0.8,,,,0.91,0.99,0.91,0.84,full,[],96,82,3,11,44,15,156.9,313.98,122.21
5,0.5,-54.77,2.79,0.9,-54.77,2.79,0.9,,,,0.9,0.96,0.93,0.82,full,[],106,90,5,11,40,20,156.71,356.2,103.55
6,0.6,-62.58,1.77,0.73,-62.58,1.77,0.73,,,,0.89,0.96,0.89,0.81,full,[],118,98,2,18,115,19,167.77,260.53,102.33
7,0.7,-54.87,2.55,-0.0,-54.87,2.55,-0.0,,,,0.9,0.97,0.89,0.83,full,[],119,90,2,27,245,20,159.3,355.2,108.29
8,0.8,-58.69,1.9,-0.0,-58.69,1.9,-0.0,,,,0.87,0.97,0.83,0.82,full,[],103,83,2,18,105,24,166.38,313.55,129.6
9,0.9,-67.44,2.12,-0.0,-67.44,2.12,-0.0,,,,0.88,0.95,0.9,0.8,full,[],104,75,5,24,79,20,163.96,170.98,68.51
10,1.0,-60.24,1.6,-0.83,-60.24,1.6,-0.83,,,,0.86,0.95,0.84,0.8,full,[],122,103,3,16,69,37,169.6,293.89,99.14
11,1.1,-60.66,1.34,-0.0,-60.66,1.34,-0.0,,,,0.89,0.96,0.91,0.81,full,[],117,84,1,32,193,33,172.44,288.34,105.77
12,1.2,-61.95,1.95,-0.92,-61.95,1.95,-0.92,,,,0.87,0.95,0.85,0.8,full,[],148,112,2,34,225,52,165.91,270.0,76.62
13,1.3,-61.77,0.69,-0.9,-61.77,0.69,-0.9,,,,0.88,0.97,0.85,0.81,full,[],118,94,1,23,155,39,179.55,272.63,97.82
14,1.4,-54.21,1.08,-2.75,-54.21,1.08,-2.75,,,,0.86,0.92,0.85,0.81,full,[],142,109,4,29,173,43,175.33,361.66,128.13
15,1.5,-69.99,1.52,-0.0,-69.99,1.52,-0.0,,,,0.86,0.95,0.83,0.81,full,[],160,121,5,34,321,44,170.5,107.58,79.02
16,1.6,-59.31,1.2,-3.24,-59.31,1.2,-3.24,,,,0.88,0.95,0.89,0.8,full,[],145,88,3,54,773,47,174.02,305.89,103.43
17,1.7,-53.06,0.79,-0.69,-53.06,0.79,-0.69,,,,0.89,0.98,0.89,0.81,full,[],157,91,5,61,605,45,178.4,372.32,110.42
18,1.8,-55.27,0.58,-0.0,-55.27,0.58,-0.0,,,,0.88,0.97,0.89,0.79,full,[],166,106,5,55,847,44,180.74,351.19,122.48
19,1.9,-40.58,-1.33,-1.68,-40.58,-1.33,-1.68,,,,0.87,0.97,0.85,0.8,full,[],163,103,4,56,985,47,201.47,460.83,151.32
20,2.0,-53.39,-1.05,-1.61,-53.39,-1.05,-1.61,,,,0.88,0.98,0.87,0.8,full,[],198,124,6,68,877,63,198.34,369.27,129.78
21,2.1,-55.88,-0.58,-1.86,-55.88,-0.58,-1.86,,,,0.86,0.96,0.81,0.8,full,[],173,124,3,46,553,65,193.26,345.03,133.55
22,2.2,-51.32,-0.34,-2.05,-51.32,-0.34,-2.05,,,,0.88,0.96,0.87,0.8,full,[],194,132,4,58,1009,72,190.68,387.46,141.43
23,2.3,-58.45,0.18,-1.45,-58.45,0.18,-1.45,,,,0.88,0.95,0.88,0.8,full,[],198,130,3,65,1220,56,185.02,316.4,123.17
24,2.4,-52.95,0.67,-0.0,-52.95,0.67,-0.0,,,,0.87,0.94,0.86,0.81,full,[],208,136,4,68,1027,64,179.77,373.28,130.47
25,2.5,-53.79,-0.2,-1.71,-53.79,-0.2,-1.71,,,,0.88,0.96,0.87,0.8,full,[],203,118,4,81,1674,47,189.2,365.61,134.54
26,2.6,-49.76,0.61,-0.0,-49.76,0.61,-0.0,,,,0.9,0.97,0.91,0.81,full,[],222,138,5,79,1804,59,180.37,399.99,131.3
27,2.7,-51.82,0.97,-0.0,-51.82,0.97,-0.0,,,,0.88,0.98,0.85,0.8,full,[],208,124,8,76,1190,61,176.47,383.18,123.53
28,2.8,-44.31,0.83,-0.94,-44.31,0.83,-0.94,,,,0.9,0.97,0.94,0.79,full,[],193,112,7,74,1566,61,178.0,438.44,126.64
29,2.9,-54.29,1.08,-0.0,-54.29,1.08,-0.0,,,,0.88,0.97,0.86,0.81,full,[],224,147,3,74,1485,67,175.25,360.83,118.62
30,3.0,-50.8,0.8,-0.0,-50.8,0.8,-0.0,,,,0.87,0.96,0.85,0.8,full,[],225,147,7,71,896,74,178.29,391.68,127.76
31,3.1,-50.03,0.42,-0.78,-50.03,0.42,-0.78,,,,0.87,0.96,0.85,0.81,full,[],234,146,7,81,1722,74,182.4,397.87,122.34
32,3.2,-54.17,0.12,-0.0,-54.17,0.12,-0.0,,,,0.87,0.97,0.83,0.8,full,[],224,112,4,108,2695,63,185.65,362.04,111.09
33,3.3,-36.29,1.32,-2.0,-36.29,1.32,-2.0,,,,0.86,0.97,0.82,0.8,full,[],224,134,4,86,2166,78,172.68,483.67,117.44
34,3.4,-39.39,0.75,-1.61,-39.39,0.75,-1.61,,,,0.88,0.97,0.88,0.8,full,[],243,161,2,80,1586,82,178.86,467.47,121.36
35,3.5,-45.02,1.0,-0.0,-45.02,1.0,-0.0,,,,0.89,0.96,0.89,0.81,full,[],222,132,3,87,2354,65,176.17,433.87,116.35
36,3.6,-40.74,2.06,-0.0,-40.74,2.06,-0.0,,,,0.88,0.96,0.87,0.8,full,[],214,132,5,77,1716,69,164.65,459.93,113.74
37,3.7,-47.72,1.59,-0.84,-47.72,1.59,-0.84,,,,0.88,0.97,0.85,0.82,full,[],232,155,4,73,1121,79,169.77,415.31,108.01
38,3.8,-35.71,1.2,-0.74,-35.71,1.2,-0.74,,,,0.87,0.95,0.86,0.79,full,[],234,147,6,81,1474,90,174.03,486.56,111.95
39,3.9,-47.93,1.96,-1.15,-47.93,1.96,-1.15,,,,0.88,0.96,0.87,0.81,full,[],230,148,3,79,1634,69,165.7,413.84,106.26
40,4.0,-44.17,1.64,-1.1,-44.17,1.64,-1.1,,,,0.87,0.95,0.84,0.81,full,[],266,163,4,99,2637,71,169.21,439.31,126.21
41,4.1,-37.61,1.47,-2.49,-37.61,1.47,-2.49,,,,0.88,0.96,0.85,0.82,full,[],250,146,3,101,2994,71,171.1,476.94,125.0
42,4.2,-50.4,1.3,-1.13,-50.4,1.3,-1.13,,,,0.85,0.96,0.8,0.8,full,[],232,144,5,83,2487,61,172.87,394.92,139.82
43,4.3,-45.29,1.03,-1.59,-45.29,1.03,-1.59,,,,0.86,0.96,0.82,0.8,full,[],277,151,2,124,5497,60,175.83,432.09,152.38
44,4.4,-28.84,0.5,-0.0,-28.84,0.5,-0.0,,,,0.86,0.97,0.82,0.8,full,[],276,157,3,116,4690,59,181.55,518.02,133.47
45,4.5,-37.24,1.37,-0.76,-37.24,1.37,-0.76,,,,0.87,0.96,0.87,0.79,full,[],284,146,3,135,6512,61,172.12,478.87,127.0
46,4.6,-38.55,1.05,-1.51,-38.55,1.05,-1.51,,,,0.88,0.96,0.88,0.81,full,[],295,176,5,114,4414,55,175.62,471.97,133.67
47,4.7,-36.02,0.21,-0.99,-36.02,0.21,-0.99,,,,0.86,0.95,0.81,0.81,full,[],261,160,3,98,3580,51,184.77,485.05,148.54
48,4.8,-22.85,0.53,-2.2,-22.85,0.53,-2.2,,,,0.86,0.97,0.82,0.8,full,[],305,197,1,107,3859,60,181.26,542.21,143.96
49,4.9,-30.47,0.31,-0.0,-30.47,0.31,-0.0,,,,0.88,0.96,0.85,0.82,full,[],252,161,2,89,2885,47,183.68,510.97,154.55
50,5.0,-19.44,0.38,-0.81,-19.44,0.38,-0.81,,,,0.88,0.96,0.87,0.81,full,[],273,188,1,84,2446,43,182.87,555.01,151.17
51,5.1,-21.77,-0.34,-0.0,-21.77,-0.34,-0.0,,,,0.87,0.96,0.82,0.83,full,[],278,152,2,124,5345,34,190.67,546.31,149.67
52,5.2,3.84,0.36,-1.13,3.84,0.36,-1.13,,,,0.86,0.97,0.8,0.81,full,[],254,165,2,87,2636,39,183.08,633.56,147.13
53,5.3,-3.05,-0.61,-0.86,-3.05,-0.61,-0.86,,,,0.88,0.97,0.87,0.81,full,[],241,181,0,60,1234,41,193.66,611.04,158.01
54,5.4,9.36,-0.65,0.62,9.36,-0.65,0.62,,,,0.87,0.97,0.81,0.82,full,[],237,164,5,68,1614,33,194.0,651.84,149.47
55,5.5,18.89,-0.73,-0.0,18.89,-0.73,-0.0,,,,0.87,0.98,0.81,0.83,full,[],200,118,6,76,1876,19,194.88,685.0,140.41
56,5.6,27.51,0.33,-0.0,27.51,0.33,-0.0,,,,0.87,0.97,0.83,0.81,full,[],189,115,5,69,1604,24,183.38,718.38,153.21
57,5.7,23.83,-1.17,-0.0,23.83,-1.17,-0.0,,,,0.89,0.97,0.86,0.83,full,[],172,111,4,57,1085,31,199.66,703.61,132.76
58,5.8,33.33,-1.22,-0.0,33.33,-1.22,-0.0,,,,0.88,0.98,0.84,0.81,full,[],175,86,6,83,2402,25,200.21,743.97,132.69
59,5.9,3.12,-1.19,0.91,3.12,-1.19,0.91,,,,0.87,0.96,0.84,0.8,full,[],119,65,4,50,918,29,199.94,631.2,139.49
60,6.0,33.52,-1.36,-0.0,33.52,-1.36,-0.0,,,,0.86,0.96,0.83,0.79,full,[],131,79,5,47,782,36,201.73,744.88,142.84
61,6.1,45.25,-1.66,-0.0,45.25,-1.66,-0.0,,,,0.87,0.98,0.85,0.79,full,[],105,69,2,34,372,35,204.98,809.61,139.5
62,6.2,24.52,-2.23,-0.0,24.52,-2.23,-0.0,,,,0.89,0.97,0.91,0.8,full,[],97,33,5,59,1356,13,211.13,706.28,123.92
63,6.3,38.31,-2.81,0.92,38.31,-2.81,0.92,,,,0.88,0.96,0.89,0.8,full,[],82,41,4,37,502,19,217.43,768.72,151.33
64,6.4,19.29,-2.14,0.86,19.29,-2.14,0.86,,,,0.87,0.96,0.86,0.8,full,[],74,36,3,35,454,20,210.21,686.45,133.12
65,6.5,42.72,-3.02,-0.0,42.72,-3.02,-0.0,,,,0.88,0.97,0.87,0.8,full,[],90,51,5,34,470,24,219.71,793.7,132.69
66,6.6,42.02,-2.4,-0.0,42.02,-2.4,-0.0,,,,0.9,0.97,0.92,0.8,full,[],87,44,3,40,620,23,213.0,789.48,138.91
67,6.7,23.94,-2.94,-0.0,23.94,-2.94,-0.0,,,,0.88,0.97,0.86,0.8,full,[],80,38,3,39,610,19,218.92,704.02,139.88
68,6.8,48.16,-2.27,1.07,48.16,-2.27,1.07,,,,0.86,0.95,0.83,0.79,full,[],90,57,2,31,346,27,211.59,829.87,144.0
69,6.9,34.17,-3.32,-2.79,34.17,-3.32,-2.79,,,,0.87,0.96,0.86,0.79,full,[],74,43,2,29,330,19,223.06,747.94,131.07
70,7.0,37.27,-3.21,-0.0,37.27,-3.21,-0.0,,,,0.87,0.97,0.85,0.79,full,[],82,52,3,27,296,22,221.84,763.31,119.05
71,7.1,31.87,-2.86,0.7,31.87,-2.86,0.7,,,,0.89,0.96,0.92,0.79,full,[],65,39,4,22,195,18,218.0,737.25,135.8
72,7.2,44.04,-3.04,1.05,44.04,-3.04,1.05,,,,0.87,0.96,0.86,0.8,full,[],78,49,0,29,338,23,219.97,801.84,143.36
73,7.3,23.47,-3.13,-0.0,23.47,-3.13,-0.0,,,,0.87,0.97,0.85,0.8,full,[],82,56,2,24,219,25,220.94,702.19,133.58
74,7.4,37.53,-2.84,-0.9,37.53,-2.84,-0.9,,,,0.86,0.98,0.81,0.79,full,[],64,41,0,23,217,12,217.79,764.63,138.83
75,7.5,16.68,-3.54,-0.0,16.68,-3.54,-0.0,,,,0.87,0.97,0.85,0.8,full,[],72,46,1,25,257,15,225.46,677.04,136.28
76,7.6,27.01,-2.79,2.15,27.01,-2.79,2.15,,,,0.88,0.97,0.86,0.8,full,[],71,40,0,31,383,16,217.3,716.32,134.16
77,7.7,15.4,-2.86,2.79,15.4,-2.86,2.79,,,,0.88,0.97,0.88,0.79,full,[],71,37,3,31,321,12,218.01,672.51,134.85
78,7.8,45.13,-3.16,2.31,45.13,-3.16,2.31,,,,0.86,0.98,0.81,0.79,full,[],58,42,0,16,71,16,221.32,808.86,150.33
79,7.9,35.44,-4.23,2.79,35.44,-4.23,2.79,,,,0.88,0.97,0.88,0.79,full,[],49,32,0,17,102,6,232.92,754.09,146.68
80,8.0,7.03,-1.85,2.7,7.03,-1.85,2.7,,,,0.83,0.91,0.81,0.77,full,[],52,40,0,12,51,7,207.06,644.06,202.35
81,8.1,53.03,-1.96,3.15,53.03,-1.96,3.15,,,,0.85,0.93,0.84,0.78,full,[],60,33,2,25,200,10,208.24,869.4,200.96
82,8.2,60.66,-2.74,-1.57,60.66,-2.74,-1.57,,,,0.84,0.96,0.8,0.76,full,[],61,27,1,33,374,7,216.68,953.65,210.63
83,8.3,55.0,-1.09,2.23,55.0,-1.09,2.23,,,,0.84,0.92,0.83,0.77,full,[],70,28,2,40,546,6,198.78,888.08,211.45
84,8.4,62.33,-2.35,-0.0,62.33,-2.35,-0.0,,,,0.84,0.95,0.79,0.77,full,[],72,35,4,33,364,13,212.53,977.59,203.72
85,8.5,39.81,-0.12,-1.85,39.81,-0.12,-1.85,,,,0.82,0.92,0.79,0.76,full,[],71,41,2,28,249,12,188.33,776.87,205.15
86,8.6,57.4,-0.95,-0.0,57.4,-0.95,-0.0,,,,0.84,0.94,0.79,0.78,full,[],73,37,3,33,318,15,197.34,913.42,209.07
87,8.7,51.57,4.72,-0.0,51.57,4.72,-0.0,,,,0.83,0.93,0.8,0.77,full,[],68,25,4,39,530,9,135.69,856.64,195.14
88,8.8,61.27,4.77,-0.0,61.27,4.77,-0.0,,,,0.84,0.97,0.76,0.78,full,[],64,22,8,34,340,7,135.2,962.2,203.34
89,8.9,55.12,-0.82,-0.0,55.12,-0.82,-0.0,,,,0.85,0.95,0.81,0.78,full,[],61,19,5,37,478,10,195.89,889.29,197.8
90,9.0,60.05,1.4,-0.0,60.05,1.4,-0.0,,,,0.85,0.97,0.81,0.78,full,[],70,23,5,42,635,13,171.77,945.58,195.46
91,9.1,62.01,2.57,-0.0,62.01,2.57,-0.0,,,,0.87,0.99,0.82,0.79,full,[],77,23,6,48,763,17,159.11,972.78,193.15
92,9.2,59.2,2.12,-0.0,59.2,2.12,-0.0,,,,0.86,0.98,0.81,0.78,full,[],79,23,8,48,812,11,164.0,934.67,192.83
93,9.3,58.35,3.61,-0.0,58.35,3.61,-0.0,,,,0.89,0.98,0.87,0.82,full,[],70,21,9,40,612,16,147.84,924.35,191.16
94,9.4,58.78,2.61,-0.94,58.78,2.61,-0.94,,,,0.86,0.99,0.78,0.81,full,[],64,24,6,34,398,16,158.67,929.49,189.01
95,9.5,56.97,2.13,-0.0,56.97,2.13,-0.0,,,,0.88,0.99,0.82,0.82,full,[],67,16,9,42,582,13,163.87,908.58,188.75
96,9.6,57.64,0.79,-0.0,57.64,0.79,-0.0,,,,0.89,0.99,0.87,0.81,full,[],58,15,5,38,441,13,178.41,916.1,186.81
97,9.7,55.78,0.21,-0.0,55.78,0.21,-0.0,,,,0.87,0.99,0.8,0.83,full,[],56,16,6,34,398,12,184.69,895.97,187.19
98,9.8,51.64,-2.04,-0.0,51.64,-2.04,-0.0,,,,0.88,0.99,0.84,0.81,full,[],39,12,5,22,153,8,209.1,857.29,194.14
99,9.9,51.55,-1.48,-1.68,51.55,-1.48,-1.68,,,,0.89,0.99,0.84,0.83,full,[],39,15,4,20,119,13,203.03,856.54,189.65
100,10.0,50.52,-1.71,-0.94,50.52,-1.71,-0.94,,,,0.91,1.0,0.88,0.84,full,[],33,9,6,18,110,6,205.55,847.99,176.77
101,10.1,45.92,-1.35,-1.18,45.92,-1.35,-1.18,,,,0.89,1.0,0.85,0.81,full,[],40,16,5,19,123,14,201.6,814.09,179.02
102,10.2,42.41,-0.48,-1.85,42.41,-0.48,-1.85,,,,0.87,0.99,0.79,0.83,full,[],34,9,8,17,95,8,192.19,791.81,182.24
103,10.3,40.72,-1.08,-0.0,40.72,-1.08,-0.0,,,,0.88,0.99,0.84,0.81,full,[],43,17,5,21,166,15,198.75,781.98,178.16
104,10.4,37.53,-0.78,-1.29,37.53,-0.78,-1.29,,,,0.86,0.99,0.79,0.8,full,[],36,11,5,20,152,10,195.44,764.65,179.41
105,10.5,32.42,-0.63,-0.0,32.42,-0.63,-0.0,,,,0.88,0.99,0.84,0.81,full,[],43,12,6,25,234,8,193.82,739.75,180.11
106,10.6,32.22,-0.01,-0.0,32.22,-0.01,-0.0,,,,0.86,1.0,0.78,0.8,full,[],44,5,8,31,386,4,187.06,738.87,176.5
107,10.7,26.22,-0.1,-0.0,26.22,-0.1,-0.0,,,,0.87,0.99,0.85,0.77,full,[],64,13,8,43,754,12,188.08,713.08,176.31
108,10.8,21.22,0.08,-0.0,21.22,0.08,-0.0,,,,0.89,1.0,0.87,0.81,full,[],39,7,8,24,219,7,186.08,693.6,175.09
109,10.9,16.16,0.26,-0.81,16.16,0.26,-0.81,,,,0.88,1.0,0.85,0.79,full,[],37,8,7,22,179,8,184.16,675.19,172.79
110,11.0,11.09,0.87,-0.0,11.09,0.87,-0.0,,,,0.89,1.0,0.85,0.81,full,[],35,9,7,19,142,9,177.55,657.66,172.2
111,11.1,12.28,0.38,-0.0,12.28,0.38,-0.0,,,,0.89,1.0,0.84,0.82,full,[],35,12,7,16,94,12,182.92,661.71,177.5
112,11.2,5.35,0.06,-0.0,5.35,0.06,-0.0,,,,0.9,0.99,0.89,0.82,full,[],38,10,7,21,161,10,186.32,638.5,172.96
113,11.3,-1.28,0.89,1.96,-1.28,0.89,1.96,,,,0.86,0.99,0.79,0.81,full,[],25,7,3,15,82,7,177.36,616.83,167.35
114,11.4,-3.19,-0.15,1.45,-3.19,-0.15,1.45,,,,0.9,1.0,0.89,0.81,full,[],32,8,4,20,143,7,188.62,610.59,169.2
115,11.5,-7.81,-0.37,-1.19,-7.81,-0.37,-1.19,,,,0.87,1.0,0.88,0.74,full,[],24,6,1,17,108,6,191.0,595.36,169.83
116,11.6,-7.57,-0.19,-0.87,-7.57,-0.19,-0.87,,,,0.77,0.99,0.64,0.68,full,[],21,3,3,15,78,2,189.09,596.16,179.77
117,11.7,-14.46,-4.68,2.15,-14.46,-4.68,2.15,,,,0.88,1.0,0.85,0.78,full,[],24,7,2,15,84,5,237.86,572.79,172.52
118,11.8,-19.21,0.47,2.88,-19.21,0.47,2.88,,,,0.76,1.0,0.56,0.72,full,[],23,3,3,17,103,1,181.9,555.86,172.44
119,11.9,-25.61,-4.28,3.13,-25.61,-4.28,3.13,,,,0.86,0.99,0.78,0.8,full,[],27,6,3,18,99,4,233.44,531.38,171.61
120,12.0,-21.96,0.39,2.49,-21.96,0.39,2.49,,,,0.89,0.99,0.87,0.81,full,[],35,7,4,24,192,4,182.73,545.61,182.62
121,12.1,-30.71,-4.27,3.68,-30.71,-4.27,3.68,,,,0.86,1.0,0.75,0.83,full,[],28,8,2,18,104,4,233.38,509.92,173.97
122,12.2,-34.1,-0.79,1.82,-34.1,-0.79,1.82,,,,0.91,0.99,0.91,0.83,full,[],35,10,3,22,183,6,195.6,494.41,173.91
123,12.3,-37.04,-0.79,4.18,-37.04,-0.79,4.18,,,,0.9,1.0,0.87,0.83,full,[],30,9,3,18,120,6,195.54,479.89,174.08
124,12.4,-39.13,-0.28,-0.0,-39.13,-0.28,-0.0,,,,0.86,0.99,0.77,0.83,full,[],31,8,3,20,151,2,190.01,468.84,172.95
125,12.5,-40.98,-0.28,-0.0,-40.98,-0.28,-0.0,,,,0.93,0.99,0.95,0.84,full,[],35,10,4,21,174,5,190.0,458.54,180.63
126,12.6,-42.61,-0.33,0.55,-42.61,-0.33,0.55,,,,0.88,0.99,0.83,0.83,full,[],41,8,4,29,303,3,190.61,448.96,174.52
127,12.7,-46.97,-0.7,-0.0,-46.97,-0.7,-0.0,,,,0.92,0.98,0.94,0.83,full,[],37,9,5,23,187,6,194.61,420.68,170.8
128,12.8,-43.25,0.35,-0.0,-43.25,0.35,-0.0,,,,0.92,0.98,0.95,0.84,full,[],37,8,4,25,236,5,183.19,445.09,189.21
129,12.9,-44.09,-0.33,0.58,-44.09,-0.33,0.58,,,,0.93,0.97,0.98,0.83,full,[],37,8,7,22,176,5,190.56,439.86,189.7
130,13.0,-45.9,-1.8,-0.0,-45.9,-1.8,-0.0,,,,0.91,0.97,0.94,0.83,full,[],34,7,5,22,170,5,206.54,428.0,183.01
131,13.1,-46.65,-0.56,0.95,-46.65,-0.56,0.95,,,,0.92,0.98,0.96,0.83,full,[],34,9,7,18,124,7,193.05,422.92,190.29
132,13.2,-45.75,-1.02,0.88,-45.75,-1.02,0.88,,,,0.9,0.99,0.87,0.83,full,[],31,6,6,19,138,4,198.1,429.05,189.97
133,13.3,-45.64,-0.89,2.29,-45.64,-0.89,2.29,,,,0.92,0.99,0.94,0.82,full,[],28,5,5,18,123,5,196.6,429.79,194.3
134,13.4,-46.37,-0.47,1.75,-46.37,-0.47,1.75,,,,0.92,0.99,0.92,0.84,full,[],35,6,10,19,133,5,192.06,424.86,189.07
135,13.5,-46.19,0.31,0.9,-46.19,0.31,0.9,,,,0.91,1.0,0.92,0.81,full,[],32,10,3,19,143,8,183.59,426.07,182.65
136,13.6,-45.89,-0.96,1.7,-45.89,-0.96,1.7,,,,0.91,1.0,0.91,0.83,full,[],29,8,4,17,103,7,197.37,428.09,180.6
137,13.7,-43.74,-0.28,0.88,-43.74,-0.28,0.88,,,,0.91,1.0,0.92,0.82,full,[],34,10,9,15,86,9,190.0,442.02,185.81
138,13.8,-42.9,-3.58,0.86,-42.9,-3.58,0.86,,,,0.86,1.0,0.76,0.82,full,[],34,8,9,17,104,4,225.81,447.25,175.3
139,13.9,-41.5,-0.41,1.51,-41.5,-0.41,1.51,,,,0.89,1.0,0.85,0.82,full,[],37,14,9,14,55,10,191.47,455.53,171.84
140,14.0,-38.93,0.58,1.17,-38.93,0.58,1.17,,,,0.9,1.0,0.88,0.82,full,[],30,13,6,11,39,9,180.72,469.94,172.27
141,14.1,-36.03,-0.81,0.95,-36.03,-0.81,0.95,,,,0.91,1.0,0.94,0.8,full,[],47,22,6,19,136,16,195.83,484.98,168.44
142,14.2,-30.59,0.25,1.86,-30.59,0.25,1.86,,,,0.9,0.99,0.9,0.8,full,[],34,13,10,11,45,10,184.31,510.47,166.82
143,14.3,-32.03,1.5,2.75,-32.03,1.5,2.75,,,,0.91,1.0,0.92,0.8,full,[],25,5,4,16,94,5,170.77,504.0,175.08
144,14.4,-29.51,1.1,3.13,-29.51,1.1,3.13,,,,0.91,1.0,0.91,0.83,full,[],32,11,6,15,81,9,175.04,515.17,173.07
145,14.5,-26.03,-0.05,1.68,-26.03,-0.05,1.68,,,,0.88,0.99,0.86,0.8,full,[],29,15,2,12,56,10,187.51,529.67,186.11
146,14.6,-26.55,0.55,3.32,-26.55,0.55,3.32,,,,0.9,0.98,0.89,0.82,full,[],28,15,2,11,47,12,181.08,527.56,189.18
147,14.7,-22.13,0.45,2.52,-22.13,0.45,2.52,,,,0.89,0.98,0.84,0.84,full,[],38,12,7,19,149,11,182.08,544.95,189.77
148,14.8,-19.8,0.23,-0.0,-19.8,0.23,-0.0,,,,0.89,0.99,0.87,0.82,full,[],39,16,6,17,118,15,184.55,553.69,171.2
149,14.9,-16.99,0.46,-0.0,-16.99,0.46,-0.0,,,,0.92,1.0,0.92,0.84,full,[],34,11,5,18,128,10,182.0,563.88,168.07
150,15.0,-11.15,0.29,-0.0,-11.15,0.29,-0.0,,,,0.91,0.99,0.9,0.83,full,[],28,12,4,12,57,11,183.85,584.13,184.7
151,15.1,-12.53,0.65,-0.0,-12.53,0.65,-0.0,,,,0.94,0.99,0.96,0.86,full,[],32,15,3,14,83,12,180.0,579.43,167.95
152,15.2,-11.83,0.18,-0.0,-11.83,0.18,-0.0,,,,0.94,1.0,0.97,0.85,full,[],25,8,7,10,38,8,185.0,581.84,172.67
153,15.3,-11.79,-0.02,0.82,-11.79,-0.02,0.82,,,,0.92,0.99,0.95,0.83,full,[],33,14,10,9,28,14,187.21,581.98,181.24
