frame_index,timestamp_sec,yaw_deg,pitch_deg,roll_deg,tracked_point_count,inlier_count,inlier_ratio,confidence,warnings
1,0.1,0.009663957529856328,0.9808352790423687,0.1393976626871998,971,464,0.47785787847579814,0.1370088912128344,approximate_K_used|intrinsics_not_calibrated|pose_for_debug_only
2,0.2,-0.022305311514649186,0.44112643686232766,0.34340272976221176,913,319,0.3493975903614458,0.07324720569023083,approximate_K_used|intrinsics_not_calibrated|pose_for_debug_only
3,0.3,0.2898255747963628,0.5626118428161547,0.2140767260820943,873,322,0.36884306987399773,0.08162712611644486,approximate_K_used|intrinsics_not_calibrated|pose_for_debug_only
4,0.4,0.044492712415928184,0.44432187347883284,0.02369992681977858,851,171,0.2009400705052879,0.024226147160802042,approximate_K_used|intrinsics_not_calibrated|pose_for_debug_only
5,0.5,0.09011495666060935,0.4049097200700263,-0.07055298847103426,834,166,0.19904076738609114,0.023770336248986428,approximate_K_used|intrinsics_not_calibrated|pose_for_debug_only
6,0.6,-0.05517240818419381,0.4037539371448851,-0.05941447242731986,809,190,0.23485784919653893,0.03309492559753453,approximate_K_used|intrinsics_not_calibrated|pose_for_debug_only
7,0.7,0.05639353192523357,1.8468270181052235,-0.1875115792901551,800,702,0.8775,0.351,approximate_K_used|intrinsics_not_calibrated|pose_for_debug_only
8,0.8,0.19637239616594065,0.4347263010425499,-0.11601622195473585,792,241,0.3042929292929293,0.055556512090603,approximate_K_used|intrinsics_not_calibrated|pose_for_debug_only
9,0.9,0.28838000405685704,2.6952599317050776,-0.14660127328078312,763,673,0.8820445609436435,0.3528178243774574,approximate_K_used|intrinsics_not_calibrated|pose_for_debug_only
10,1.0,-0.04309379656202327,1.664446238759566,-0.3021162777817195,752,647,0.8603723404255319,0.3441489361702128,approximate_K_used|intrinsics_not_calibrated|pose_for_debug_only
11,1.1,-0.012837924078715354,0.38781368442932534,-0.058789228881442196,737,201,0.2727272727272727,0.04462809917355372,approximate_K_used|intrinsics_not_calibrated|pose_for_debug_only
12,1.2,-0.2183666023856349,1.704918621764694,-0.020682879873360517,722,626,0.8670360110803325,0.346814404432133,approximate_K_used|intrinsics_not_calibrated|pose_for_debug_only
13,1.3,0.012504990511350353,2.718737538319397,0.10385783960259118,691,590,0.85383502170767,0.34153400868306805,approximate_K_used|intrinsics_not_calibrated|pose_for_debug_only
14,1.4,-0.018599953124466294,2.678234125975551,-0.4192431627573131,668,586,0.8772455089820359,0.3508982035928144,approximate_K_used|intrinsics_not_calibrated|pose_for_debug_only
15,1.5,0.13636323684254884,0.44601292074370846,-0.08245016254035226,653,170,0.26033690658499237,0.040665182958145835,approximate_K_used|intrinsics_not_calibrated|pose_for_debug_only
16,1.6,0.0943157970044617,0.29662725816670626,0.13505052452953098,631,148,0.23454833597464342,0.03300775314508452,approximate_K_used|intrinsics_not_calibrated|pose_for_debug_only
17,1.7,0.2401160630681738,2.237839178759199,-0.459911655807194,610,537,0.8803278688524591,0.3521311475409836,approximate_K_used|intrinsics_not_calibrated|pose_for_debug_only
18,1.8,0.03143092255127643,0.9796375867832915,-0.33972078285300367,601,149,0.24792013311148087,0.03687863544120864,approximate_K_used|intrinsics_not_calibrated|pose_for_debug_only
19,1.9,-0.08269302538835513,0.37704993523518815,-0.2655878973191536,595,111,0.1865546218487395,0.020881576159875716,approximate_K_used|intrinsics_not_calibrated|pose_for_debug_only
20,2.0,-0.22139322499333364,0.3982946133039775,-0.18321897657658162,591,147,0.24873096446700507,0.03712025561081193,approximate_K_used|intrinsics_not_calibrated|pose_for_debug_only
21,2.1,-0.15018016694245723,0.3840682063205697,0.06782606510695861,585,103,0.17606837606837608,0.018600043830813064,approximate_K_used|intrinsics_not_calibrated|pose_for_debug_only
22,2.2,0.18978113557839188,0.3716965811299839,0.16589029008580233,573,107,0.18673647469458987,0.020922306588817923,approximate_K_used|intrinsics_not_calibrated|pose_for_debug_only
23,2.3,0.08802507661360187,0.4142580489315239,0.1320122711504007,557,124,0.22262118491921004,0.02973611518489987,approximate_K_used|intrinsics_not_calibrated|pose_for_debug_only
24,2.4,0.07788380271645444,0.5804780494470421,-0.09618138293310777,552,151,0.27355072463768115,0.04489799936988028,approximate_K_used|intrinsics_not_calibrated|pose_for_debug_only
25,2.5,0.22302560775307587,0.3502391721693879,-0.008319829472150472,548,107,0.19525547445255476,0.022874820182215358,approximate_K_used|intrinsics_not_calibrated|pose_for_debug_only
26,2.6,0.3442128817379438,0.4278962904997997,0.22927818934000269,531,103,0.19397363465160075,0.022575462563971613,approximate_K_used|intrinsics_not_calibrated|pose_for_debug_only
27,2.7,0.1720541660765122,0.4979732973890383,0.14240769036611303,519,117,0.2254335260115607,0.03049216479000301,approximate_K_used|intrinsics_not_calibrated|pose_for_debug_only
28,2.8,-0.1520357542399386,0.595110621082037,-0.00710378962698116,511,197,0.38551859099804303,0.08917475040306984,approximate_K_used|intrinsics_not_calibrated|pose_for_debug_only
29,2.9,-0.27956543452696525,2.96185269829286,-0.2684935040346607,509,438,0.8605108055009824,0.344204322200393,approximate_K_used|intrinsics_not_calibrated|pose_for_debug_only
30,3.0,0.025536505477642326,0.4126024811051935,-0.08565822770751548,508,50,0.0984251968503937,0.005812511625023251,approximate_K_used|intrinsics_not_calibrated|pose_for_debug_only
31,3.1,0.32212147181855644,2.090542743829594,-0.35201884714196996,507,454,0.8954635108481263,0.3581854043392505,approximate_K_used|intrinsics_not_calibrated|pose_for_debug_only
32,3.2,0.3377197151865585,3.965446606189405,-0.5155149669696938,493,440,0.8924949290060852,0.35699797160243407,approximate_K_used|intrinsics_not_calibrated|pose_for_debug_only
33,3.3,-0.3462264905603585,2.941783040373487,-0.3001907305771393,488,423,0.8668032786885246,0.34672131147540985,approximate_K_used|intrinsics_not_calibrated|pose_for_debug_only
34,3.4,-0.27275269676481034,7.997665195443932,-1.8141869606568215,483,420,0.8695652173913043,0.34782608695652173,approximate_K_used|intrinsics_not_calibrated|pose_for_debug_only
35,3.5,0.0014095355541089824,6.676449349973711,-0.6452560481947036,470,416,0.8851063829787233,0.35404255319148936,approximate_K_used|intrinsics_not_calibrated|pose_for_debug_only
36,3.6,0.19818657456923006,0.4876035990574093,0.12512249885248564,462,95,0.20562770562770563,0.02536965199302862,approximate_K_used|intrinsics_not_calibrated|pose_for_debug_only
37,3.7,0.10087466907444143,4.415827049336513,-0.5880609065114887,457,420,0.9190371991247265,0.3676148796498906,approximate_K_used|intrinsics_not_calibrated|pose_for_debug_only
38,3.8,0.011559090815131621,6.86368878347595,-0.605887148579389,452,409,0.9048672566371682,0.3619469026548673,approximate_K_used|intrinsics_not_calibrated|pose_for_debug_only
39,3.9,0.14242870512411202,0.4501994272829604,-0.05377443569030969,448,65,0.14508928571428573,0.012630540497448984,approximate_K_used|intrinsics_not_calibrated|pose_for_debug_only
40,4.0,-0.22951948069699402,0.6288238558763835,0.010617008903547956,445,110,0.24719101123595505,0.03666203762151243,approximate_K_used|intrinsics_not_calibrated|pose_for_debug_only
41,4.1,-0.34238381992130495,0.6031004450682701,-0.028775562601888006,444,99,0.22297297297297297,0.029830168005843677,approximate_K_used|intrinsics_not_calibrated|pose_for_debug_only
42,4.2,-0.15801933291528122,0.5803332946503966,-0.11683125004644312,441,98,0.2222222222222222,0.02962962962962963,approximate_K_used|intrinsics_not_calibrated|pose_for_debug_only
43,4.3,0.3903820993845595,-0.706320987721062,-0.09864487398305838,433,316,0.7297921478060047,0.2919168591224019,approximate_K_used|intrinsics_not_calibrated|pose_for_debug_only
44,4.4,0.3358482802140175,5.113611362864118,0.07460742266555762,424,332,0.7830188679245284,0.31320754716981136,approximate_K_used|intrinsics_not_calibrated|pose_for_debug_only
45,4.5,-0.15014115982084722,0.7506971254558279,0.07564785181333811,418,38,0.09090909090909091,0.004958677685950413,approximate_K_used|intrinsics_not_calibrated|pose_for_debug_only
46,4.6,-0.03354972113942391,0.5020351853534148,-0.003957464851107359,411,59,0.1435523114355231,0.012364359671088851,approximate_K_used|intrinsics_not_calibrated|pose_for_debug_only
47,4.7,-0.30596327725159067,0.43639676689245177,0.02870110063518931,402,7,0.017412935323383085,0.00018192618994579342,approximate_K_used|intrinsics_not_calibrated|pose_for_debug_only|too_few_pose_inliers
48,4.8,-0.08549496970208335,4.798142994645833,0.044932547764786855,400,295,0.7375,0.29500000000000004,approximate_K_used|intrinsics_not_calibrated|pose_for_debug_only
49,4.9,-0.011149408608138792,0.5695407160228628,-0.007469420465336611,389,124,0.31876606683804626,0.06096708322043866,approximate_K_used|intrinsics_not_calibrated|pose_for_debug_only
50,5.0,0.08267802395005439,0.5277774891069011,0.011508151842408715,384,58,0.15104166666666666,0.013688151041666666,approximate_K_used|intrinsics_not_calibrated|pose_for_debug_only
51,5.1,0.173500143365471,0.5168448982592498,-0.03681751673436358,380,59,0.15526315789473685,0.014463988919667593,approximate_K_used|intrinsics_not_calibrated|pose_for_debug_only
52,5.2,0.04768635113135585,0.5633258864701912,0.0160477609867525,375,78,0.208,0.0259584,approximate_K_used|intrinsics_not_calibrated|pose_for_debug_only
53,5.3,0.12310481654615762,0.5237233074811275,0.004078940583903158,364,102,0.2802197802197802,0.04711387513585316,approximate_K_used|intrinsics_not_calibrated|pose_for_debug_only
54,5.4,-0.07932928045695697,0.5108011470259606,0.03311126760935782,361,82,0.22714681440443213,0.030957405176448922,approximate_K_used|intrinsics_not_calibrated|pose_for_debug_only
55,5.5,0.04768347790246262,0.5715248700990007,0.029002234848245854,358,58,0.16201117318435754,0.015748572141943137,approximate_K_used|intrinsics_not_calibrated|pose_for_debug_only
56,5.6,0.22455326128035544,0.3170866630759924,-0.04358412271510869,343,192,0.5597667638483965,0.1880032979455839,approximate_K_used|intrinsics_not_calibrated|pose_for_debug_only
57,5.7,0.12114914806907606,0.6953024405299247,0.02618505759147828,339,6,0.017699115044247787,0.00018795520400971102,approximate_K_used|intrinsics_not_calibrated|pose_for_debug_only|too_few_pose_inliers
58,5.8,-0.04138988793597058,-2.1182400889378807,-0.13150877021578858,316,258,0.8164556962025317,0.3265822784810127,approximate_K_used|intrinsics_not_calibrated|pose_for_debug_only
59,5.9,0.09543144653319625,1.1952837612824447,-0.0026745941958011823,308,163,0.5292207792207793,0.1680447798954293,approximate_K_used|intrinsics_not_calibrated|pose_for_debug_only
60,6.0,-0.40572604161251546,-4.00402432722135,0.4090793165302494,288,257,0.8923611111111112,0.3569444444444445,approximate_K_used|intrinsics_not_calibrated|pose_for_debug_only
61,6.1,0.09745040577699052,-0.19270405113218633,-0.07782911952388422,281,214,0.7615658362989324,0.304626334519573,approximate_K_used|intrinsics_not_calibrated|pose_for_debug_only
62,6.2,-0.04291911464656356,-3.9348409105995055,-0.3045317622157553,279,255,0.9139784946236559,0.3655913978494624,approximate_K_used|intrinsics_not_calibrated|pose_for_debug_only
63,6.3,-0.032198175223986825,2.092420822044262,0.1520002513868147,277,250,0.9025270758122743,0.36101083032490977,approximate_K_used|intrinsics_not_calibrated|pose_for_debug_only
64,6.4,0.44607545599103604,0.6460211649043537,0.0391287190897138,273,185,0.6776556776556777,0.2710622710622711,approximate_K_used|intrinsics_not_calibrated|pose_for_debug_only
65,6.5,-0.10812997243573577,0.41804657566486364,-0.051394939115859524,272,6,0.022058823529411766,0.0002919550173010381,approximate_K_used|intrinsics_not_calibrated|pose_for_debug_only|too_few_pose_inliers
66,6.6,-0.3635108286841508,-5.952081724798186,0.12086994686006639,271,249,0.9188191881918819,0.3675276752767528,approximate_K_used|intrinsics_not_calibrated|pose_for_debug_only
67,6.7,-0.5693678053654215,-4.998605492399988,0.24418459140701526,271,252,0.9298892988929889,0.3719557195571956,approximate_K_used|intrinsics_not_calibrated|pose_for_debug_only
68,6.8,-0.3265715636096008,-5.017132624281726,-0.04797333621058948,271,252,0.9298892988929889,0.3719557195571956,approximate_K_used|intrinsics_not_calibrated|pose_for_debug_only
69,6.9,0.09097355227952862,0.3479620945664984,-0.015191635183537432,260,1,0.0038461538461538464,8.875739644970416e-06,approximate_K_used|intrinsics_not_calibrated|pose_for_debug_only|too_few_pose_inliers
70,7.0,0.012803378679466265,-3.7693020030194364,-0.10100771067600126,256,239,0.93359375,0.37343750000000003,approximate_K_used|intrinsics_not_calibrated|pose_for_debug_only
71,7.1,0.1018416410884741,-3.532026868184966,-0.09999092617786838,252,237,0.9404761904761905,0.3761904761904762,approximate_K_used|intrinsics_not_calibrated|pose_for_debug_only
72,7.2,0.16206587512041276,-4.085224324826246,0.0008321569839661058,252,235,0.9325396825396826,0.373015873015873,approximate_K_used|intrinsics_not_calibrated|pose_for_debug_only
73,7.3,-0.3327148789937796,-5.6374614390035696,0.3281347674185912,251,234,0.9322709163346613,0.37290836653386455,approximate_K_used|intrinsics_not_calibrated|pose_for_debug_only
74,7.4,0.09829335001714112,-5.174303477230287,-0.1965590545160977,251,235,0.9362549800796812,0.3745019920318725,approximate_K_used|intrinsics_not_calibrated|pose_for_debug_only
75,7.5,0.06113181716094066,-4.9252398809352895,-0.4333989942422943,251,228,0.9083665338645418,0.36334661354581677,approximate_K_used|intrinsics_not_calibrated|pose_for_debug_only
76,7.6,0.008112596297165079,-6.183426966302069,-0.0013231776404544588,250,230,0.92,0.36800000000000005,approximate_K_used|intrinsics_not_calibrated|pose_for_debug_only
77,7.7,0.24761061357428493,-7.832837570705203,-0.5059040762388748,249,220,0.8835341365461847,0.3534136546184739,approximate_K_used|intrinsics_not_calibrated|pose_for_debug_only
78,7.8,0.04968790186458872,-5.321972067018044,-0.01699926150683308,247,227,0.9190283400809717,0.3676113360323887,approximate_K_used|intrinsics_not_calibrated|pose_for_debug_only
79,7.9,-0.031616295798765896,-8.953857976164617,-0.38447645721616514,244,212,0.8688524590163934,0.3475409836065574,approximate_K_used|intrinsics_not_calibrated|pose_for_debug_only
80,8.0,0.07406531595932954,-6.1795649434500115,-0.5541839252047341,243,226,0.9300411522633745,0.3720164609053498,approximate_K_used|intrinsics_not_calibrated|pose_for_debug_only
81,8.1,0.016320573197577935,-0.8248166335739755,-0.04508392025273005,241,92,0.3817427385892116,0.08743651107935468,approximate_K_used|intrinsics_not_calibrated|pose_for_debug_only
82,8.2,0.08399535837946412,-0.9184236528579687,-0.06141749012902737,240,128,0.5333333333333333,0.1706666666666667,approximate_K_used|intrinsics_not_calibrated|pose_for_debug_only
83,8.3,-0.09923598083096513,-0.8401942349290868,-0.0360891241617934,239,117,0.4895397489539749,0.14378949948355244,approximate_K_used|intrinsics_not_calibrated|pose_for_debug_only
84,8.4,0.04183970705560216,-0.3367365932993556,0.08662019325969508,237,138,0.5822784810126582,0.20342893767024517,approximate_K_used|intrinsics_not_calibrated|pose_for_debug_only
85,8.5,-0.06207316259301975,-0.34791979077161705,0.021498958766648354,232,125,0.5387931034482759,0.17417880499405475,approximate_K_used|intrinsics_not_calibrated|pose_for_debug_only
86,8.6,0.22747644688223145,-0.373554655155828,0.03511196562658847,228,131,0.5745614035087719,0.19807248384118192,approximate_K_used|intrinsics_not_calibrated|pose_for_debug_only
87,8.7,-0.061780272644598774,-0.3698052075932246,-0.06413428101946705,223,121,0.5426008968609866,0.1766494399646082,approximate_K_used|intrinsics_not_calibrated|pose_for_debug_only
88,8.8,0.0193251769382465,-0.35423670979675737,0.030607084958929925,218,148,0.6788990825688074,0.27155963302752295,approximate_K_used|intrinsics_not_calibrated|pose_for_debug_only
89,8.9,-0.14159906000516082,-0.3358038582135564,-0.018643081470828177,215,107,0.49767441860465117,0.14860789616008654,approximate_K_used|intrinsics_not_calibrated|pose_for_debug_only
90,9.0,-0.4511152067109005,-0.30203878438025267,-0.06700078347831628,214,114,0.5327102803738317,0.17026814568957985,approximate_K_used|intrinsics_not_calibrated|pose_for_debug_only
91,9.1,0.28578600279437916,-0.32501409216940086,-0.10527336724490075,211,119,0.5639810426540285,0.19084476988387508,approximate_K_used|intrinsics_not_calibrated|pose_for_debug_only
92,9.2,0.19053479732984874,-0.2835777391493922,0.04260230596516436,204,90,0.4411764705882353,0.11678200692041524,approximate_K_used|intrinsics_not_calibrated|pose_for_debug_only
93,9.3,0.052917482851175944,-0.30382868352253,0.021460731404790847,185,74,0.4,0.09600000000000003,approximate_K_used|intrinsics_not_calibrated|pose_for_debug_only
94,9.4,0.019409101743117163,-0.3782006198061739,0.01113029814547593,170,63,0.37058823529411766,0.082401384083045,approximate_K_used|intrinsics_not_calibrated|pose_for_debug_only
95,9.5,0.23202513900830823,-0.3272006971653195,0.006060152252023603,149,68,0.4563758389261745,0.12496734381334174,approximate_K_used|intrinsics_not_calibrated|pose_for_debug_only
96,9.6,0.24547394740635745,-0.3032681150518446,-0.049706641259755886,135,69,0.5111111111111111,0.15674074074074074,approximate_K_used|intrinsics_not_calibrated|pose_for_debug_only
97,9.7,0.39956433247758666,-0.10760129022157627,0.05270330912922829,124,32,0.25806451612903225,0.03995837669094693,approximate_K_used|intrinsics_not_calibrated|pose_for_debug_only
98,9.8,0.1412096662064721,-0.4034604722936456,-0.061985522965556344,124,60,0.4838709677419355,0.14047866805411033,approximate_K_used|intrinsics_not_calibrated|pose_for_debug_only
99,9.9,-0.06260990365996424,-0.16272567085689113,0.05821204002545862,120,61,0.5083333333333333,0.15504166666666666,approximate_K_used|intrinsics_not_calibrated|pose_for_debug_only
100,10.0,-0.012618990882975144,-0.1972296545400266,0.03473240326504306,114,58,0.5087719298245614,0.1553093259464451,approximate_K_used|intrinsics_not_calibrated|pose_for_debug_only
101,10.1,0.21730749246059294,-0.20720938602444164,-0.046716436365110164,110,45,0.4090909090909091,0.10041322314049589,approximate_K_used|intrinsics_not_calibrated|pose_for_debug_only
102,10.2,0.1516490675872245,-0.1408504070922947,0.14362611178165513,95,32,0.3368421052631579,0.06467368421052631,approximate_K_used|intrinsics_not_calibrated|pose_for_debug_only
103,10.3,0.9282511083926819,-2.197209792829487,-0.08147930051660066,86,56,0.6511627906976745,0.21879069767441864,approximate_K_used|intrinsics_not_calibrated|pose_for_debug_only
104,10.4,-0.04191661662395698,-0.11259220062010623,0.09696374062445762,82,64,0.7804878048780488,0.256,approximate_K_used|intrinsics_not_calibrated|pose_for_debug_only
105,10.5,-0.03745941062773773,-0.16795312979167254,-0.01445582338416166,73,26,0.3561643835616438,0.05556164383561642,approximate_K_used|intrinsics_not_calibrated|pose_for_debug_only
106,10.6,-0.3424639076249014,0.03892082647646703,0.05728881508509914,72,61,0.8472222222222222,0.244,approximate_K_used|intrinsics_not_calibrated|pose_for_debug_only
107,10.7,-0.08573102082468147,-0.03583172230046907,-0.0542266235944158,71,33,0.4647887323943662,0.0920281690140845,approximate_K_used|intrinsics_not_calibrated|pose_for_debug_only
108,10.8,-0.07224523990512108,-0.06529361203312267,-0.06533757208610427,71,41,0.5774647887323944,0.142056338028169,approximate_K_used|intrinsics_not_calibrated|pose_for_debug_only
109,10.9,-0.3520701967611135,-0.05707864030253883,0.00844573167329377,67,46,0.6865671641791045,0.18400000000000002,approximate_K_used|intrinsics_not_calibrated|pose_for_debug_only
110,11.0,-0.2239641682528289,-0.16237195865070977,0.03927277078307922,66,37,0.5606060606060606,0.12445454545454544,approximate_K_used|intrinsics_not_calibrated|pose_for_debug_only
111,11.1,-0.031175955501013382,-0.20692098777957157,0.012302608364373848,66,28,0.42424242424242425,0.07127272727272728,approximate_K_used|intrinsics_not_calibrated|pose_for_debug_only
112,11.2,-0.2951702002731528,-0.21848258029457993,-0.04116026360548761,66,31,0.4696969696969697,0.0873636363636364,approximate_K_used|intrinsics_not_calibrated|pose_for_debug_only
113,11.3,-0.020602202977116867,-0.19345349020683186,-0.0023373153731266923,66,50,0.7575757575757576,0.2,approximate_K_used|intrinsics_not_calibrated|pose_for_debug_only
114,11.4,-0.16956750795282416,-0.32191620994794506,-0.02782076573197626,61,46,0.7540983606557377,0.184,approximate_K_used|intrinsics_not_calibrated|pose_for_debug_only
115,11.5,-0.24456534413948172,-0.2691175641821491,-0.08817235104944758,61,43,0.7049180327868853,0.17200000000000001,approximate_K_used|intrinsics_not_calibrated|pose_for_debug_only
116,11.6,-1.746012740782547,-0.6281090110429873,0.5244491572584674,60,47,0.7833333333333333,0.188,approximate_K_used|intrinsics_not_calibrated|pose_for_debug_only
117,11.7,2.1039725388152393,4.463279350692246,-15.361342474660125,60,57,0.95,0.22799999999999998,approximate_K_used|intrinsics_not_calibrated|pose_for_debug_only
118,11.8,-0.2790012075661078,-0.9911177345018047,3.0233454419632886,60,60,1.0,0.24,approximate_K_used|intrinsics_not_calibrated|pose_for_debug_only
119,11.9,0.17625107041286073,-1.1718489080593903,5.6441497891165415,60,59,0.9833333333333333,0.236,approximate_K_used|intrinsics_not_calibrated|pose_for_debug_only
