frame_index,time_sec,yaw,pitch,roll,raw_yaw,raw_pitch,raw_roll,smoothed_yaw,smoothed_pitch,smoothed_roll,confidence,yaw_confidence,pitch_confidence,roll_confidence,status,warnings,detected_line_count,near_horizontal_count,near_vertical_count,perspective_line_count,vanishing_point_candidate_count,horizon_candidate_count,selected_horizon_y_at_center,selected_vanishing_point_x,selected_vanishing_point_y,raw_vp_yaw,image_geometry_yaw,calibrated_heading_yaw,comparison_ready,pose_semantics,vp_temporal_jump,vp_side_flip,vp_cluster_ambiguity,line_support_consistency,selected_cluster_id,second_best_cluster_id,yaw_warning_flags
0,0.0,-63.25,1.26,2.57,-63.25,1.26,2.57,,,,0.82,0.74,0.88,0.83,full,"[""Yaw reliability warning: [\""high_cluster_ambiguity\""]""]",70,59,1,10,32,22,173.35,249.94,105.83,-63.25,-63.25,,False,single_frame_vanishing_point_image_geometry_yaw,,False,0.7355,0.8125,1,2,"[""high_cluster_ambiguity""]"
1,0.1,-55.81,1.7,1.91,-55.81,1.7,1.91,,,,0.81,0.73,0.87,0.82,full,"[""Yaw reliability warning: [\""high_cluster_ambiguity\""]""]",88,74,2,12,45,22,168.62,345.75,109.54,-55.81,-55.81,,False,single_frame_vanishing_point_image_geometry_yaw,95.88180327882867,False,0.701,0.8889,1,2,"[""high_cluster_ambiguity""]"
2,0.2,-46.88,2.71,1.8,-46.88,2.71,1.8,,,,0.82,0.73,0.92,0.82,full,"[""Yaw reliability warning: [\""high_cluster_ambiguity\""]""]",92,81,3,8,25,17,157.6,421.28,139.89,-46.88,-46.88,,False,single_frame_vanishing_point_image_geometry_yaw,81.39965233340985,False,0.7323,0.72,1,2,"[""high_cluster_ambiguity""]"
3,0.3,-55.52,2.75,0.91,-55.52,2.75,0.91,,,,0.83,0.73,0.93,0.82,full,"[""Yaw reliability warning: [\""high_cluster_ambiguity\""]""]",95,79,4,12,32,19,157.2,348.71,103.04,-55.52,-55.52,,False,single_frame_vanishing_point_image_geometry_yaw,81.3899711266689,False,0.6926,0.8438,1,2,"[""high_cluster_ambiguity""]"
4,0.4,-58.28,2.77,0.8,-58.28,2.77,0.8,,,,0.91,0.99,0.91,0.84,full,[],96,82,3,11,44,15,156.9,318.47,121.89,-58.28,-58.28,,False,single_frame_vanishing_point_image_geometry_yaw,35.633973957446806,False,0.4845,0.9773,2,1,[]
5,0.5,-44.3,2.79,0.9,-44.3,2.79,0.9,,,,0.76,0.54,0.93,0.82,full,"[""Yaw reliability warning: [\""large_temporal_jump\"", \""high_cluster_ambiguity\""]""]",106,90,5,11,40,20,156.71,438.53,132.76,-44.3,-44.3,,False,single_frame_vanishing_point_image_geometry_yaw,120.55107009064659,False,0.9053,0.55,3,2,"[""large_temporal_jump"", ""high_cluster_ambiguity""]"
6,0.6,-38.93,1.77,0.73,-38.93,1.77,0.73,,,,0.78,0.64,0.89,0.81,full,"[""Yaw reliability warning: [\""high_cluster_ambiguity\"", \""low_line_support_consistency\""]""]",118,98,2,18,115,19,167.77,469.95,105.44,-38.93,-38.93,,False,single_frame_vanishing_point_image_geometry_yaw,41.636508018804854,False,0.9742,0.1217,4,3,"[""high_cluster_ambiguity"", ""low_line_support_consistency""]"
7,0.7,-9.58,2.55,-0.0,9.58,2.55,-0.0,,,,0.62,0.15,0.89,0.83,full,"[""Yaw reliability warning: [\""yaw_sign_reference_flip\"", \""vp_side_flip\"", \""large_temporal_jump\"", \""high_cluster_ambiguity\"", \""low_line_support_consistency\""]""]",119,90,2,27,245,20,159.3,652.56,159.06,9.58,9.58,,False,single_frame_vanishing_point_image_geometry_yaw,190.31951161139517,True,0.9644,0.102,4,3,"[""yaw_sign_reference_flip"", ""vp_side_flip"", ""large_temporal_jump"", ""high_cluster_ambiguity"", ""low_line_support_consistency""]"
8,0.8,-59.4,1.9,-0.0,-59.4,1.9,-0.0,,,,0.68,0.39,0.83,0.82,full,"[""Yaw reliability warning: [\""vp_side_flip\"", \""large_temporal_jump\"", \""high_cluster_ambiguity\""]""]",103,83,2,18,105,24,166.38,304.85,135.17,-59.4,-59.4,,False,single_frame_vanishing_point_image_geometry_yaw,348.52973502988226,True,0.9544,0.819,2,3,"[""vp_side_flip"", ""large_temporal_jump"", ""high_cluster_ambiguity""]"
9,0.9,-48.2,2.12,-0.0,-48.2,2.12,-0.0,,,,0.78,0.64,0.9,0.8,full,"[""Yaw reliability warning: [\""high_cluster_ambiguity\"", \""low_line_support_consistency\""]""]",104,75,5,24,79,20,163.96,411.88,173.25,-48.2,-48.2,,False,single_frame_vanishing_point_image_geometry_yaw,113.60240886530529,False,0.9392,0.3291,2,1,"[""high_cluster_ambiguity"", ""low_line_support_consistency""]"
10,1.0,-8.1,1.6,-0.83,8.1,1.6,-0.83,,,,0.6,0.15,0.84,0.8,full,"[""Yaw reliability warning: [\""yaw_sign_reference_flip\"", \""vp_side_flip\"", \""large_temporal_jump\"", \""high_cluster_ambiguity\"", \""low_line_support_consistency\""]""]",122,103,3,16,69,37,169.6,647.61,159.58,8.1,8.1,,False,single_frame_vanishing_point_image_geometry_yaw,236.12602948425658,True,0.9694,0.1739,3,2,"[""yaw_sign_reference_flip"", ""vp_side_flip"", ""large_temporal_jump"", ""high_cluster_ambiguity"", ""low_line_support_consistency""]"
11,1.1,-61.56,1.34,-0.0,61.56,1.34,-0.0,,,,0.65,0.24,0.91,0.81,full,"[""Yaw reliability warning: [\""yaw_sign_reference_flip\"", \""large_temporal_jump\"", \""high_cluster_ambiguity\"", \""low_line_support_consistency\""]""]",117,84,1,32,193,33,172.44,966.26,240.21,61.56,61.56,,False,single_frame_vanishing_point_image_geometry_yaw,328.69289526851657,True,0.9992,0.1295,3,2,"[""yaw_sign_reference_flip"", ""large_temporal_jump"", ""high_cluster_ambiguity"", ""low_line_support_consistency""]"
12,1.2,-29.08,1.95,-0.92,29.08,1.95,-0.92,,,,0.63,0.24,0.85,0.8,full,"[""Yaw reliability warning: [\""yaw_sign_reference_flip\"", \""large_temporal_jump\"", \""high_cluster_ambiguity\"", \""low_line_support_consistency\""]""]",148,112,2,34,225,52,165.91,724.98,184.13,29.08,29.08,,False,single_frame_vanishing_point_image_geometry_yaw,247.7115354600992,True,0.9733,0.0933,4,3,"[""yaw_sign_reference_flip"", ""large_temporal_jump"", ""high_cluster_ambiguity"", ""low_line_support_consistency""]"
13,1.3,-63.05,0.69,-0.9,-63.05,0.69,-0.9,,,,0.68,0.39,0.85,0.81,full,"[""Yaw reliability warning: [\""vp_side_flip\"", \""large_temporal_jump\"", \""high_cluster_ambiguity\""]""]",118,94,1,23,155,39,179.55,253.19,97.82,-63.05,-63.05,,False,single_frame_vanishing_point_image_geometry_yaw,479.6198705224795,True,1.0,0.8452,2,3,"[""vp_side_flip"", ""large_temporal_jump"", ""high_cluster_ambiguity""]"
14,1.4,-12.7,1.08,-2.75,12.7,1.08,-2.75,,,,0.6,0.15,0.85,0.81,full,"[""Yaw reliability warning: [\""yaw_sign_reference_flip\"", \""vp_side_flip\"", \""large_temporal_jump\"", \""high_cluster_ambiguity\"", \""low_line_support_consistency\""]""]",142,109,4,29,173,43,175.33,663.15,137.84,12.7,12.7,,False,single_frame_vanishing_point_image_geometry_yaw,411.9087301818207,True,0.9796,0.2139,4,3,"[""yaw_sign_reference_flip"", ""vp_side_flip"", ""large_temporal_jump"", ""high_cluster_ambiguity"", ""low_line_support_consistency""]"
15,1.5,-64.39,1.52,-0.0,-64.39,1.52,-0.0,,,,0.68,0.4,0.83,0.81,full,"[""Yaw reliability warning: [\""vp_side_flip\"", \""large_temporal_jump\"", \""high_cluster_ambiguity\""]""]",160,121,5,34,321,44,170.5,230.89,106.86,-64.39,-64.39,,False,single_frame_vanishing_point_image_geometry_yaw,433.3687436814058,True,0.9991,0.3614,2,3,"[""vp_side_flip"", ""large_temporal_jump"", ""high_cluster_ambiguity""]"
16,1.6,-66.88,1.2,-3.24,66.88,1.2,-3.24,,,,0.61,0.15,0.89,0.8,full,"[""Yaw reliability warning: [\""yaw_sign_reference_flip\"", \""vp_side_flip\"", \""large_temporal_jump\"", \""high_cluster_ambiguity\"", \""low_line_support_consistency\""]""]",145,88,3,54,773,47,174.02,1058.9,246.73,66.88,66.88,,False,single_frame_vanishing_point_image_geometry_yaw,839.7405414769494,True,0.9997,0.0983,5,4,"[""yaw_sign_reference_flip"", ""vp_side_flip"", ""large_temporal_jump"", ""high_cluster_ambiguity"", ""low_line_support_consistency""]"
17,1.7,-46.9,0.79,-0.69,46.9,0.79,-0.69,,,,0.65,0.24,0.89,0.81,full,"[""Yaw reliability warning: [\""yaw_sign_reference_flip\"", \""large_temporal_jump\"", \""high_cluster_ambiguity\"", \""low_line_support_consistency\""]""]",157,91,5,61,605,45,178.4,820.81,202.79,46.9,46.9,,False,single_frame_vanishing_point_image_geometry_yaw,242.1106600296651,True,0.9912,0.1603,3,4,"[""yaw_sign_reference_flip"", ""large_temporal_jump"", ""high_cluster_ambiguity"", ""low_line_support_consistency""]"
18,1.8,-63.33,0.58,-0.0,63.33,0.58,-0.0,,,,0.64,0.25,0.89,0.79,full,"[""Yaw reliability warning: [\""yaw_sign_reference_flip\"", \""large_temporal_jump\"", \""high_cluster_ambiguity\"", \""low_line_support_consistency\""]""]",166,106,5,55,847,44,180.74,993.32,242.18,63.33,63.33,,False,single_frame_vanishing_point_image_geometry_yaw,176.94991438257335,True,0.9969,0.0567,6,5,"[""yaw_sign_reference_flip"", ""large_temporal_jump"", ""high_cluster_ambiguity"", ""low_line_support_consistency""]"
19,1.9,-21.39,-1.33,-1.68,21.39,-1.33,-1.68,,,,0.63,0.25,0.85,0.8,full,"[""Yaw reliability warning: [\""yaw_sign_reference_flip\"", \""large_temporal_jump\"", \""high_cluster_ambiguity\"", \""low_line_support_consistency\""]""]",163,103,4,56,985,47,201.47,694.25,196.23,21.39,21.39,,False,single_frame_vanishing_point_image_geometry_yaw,302.5793571941087,True,0.9733,0.134,3,2,"[""yaw_sign_reference_flip"", ""large_temporal_jump"", ""high_cluster_ambiguity"", ""low_line_support_consistency""]"
20,2.0,-25.07,-1.05,-1.61,25.07,-1.05,-1.61,,,,0.71,0.45,0.87,0.8,full,"[""Yaw reliability warning: [\""yaw_sign_reference_flip\"", \""high_cluster_ambiguity\"", \""low_line_support_consistency\""]""]",198,124,6,68,877,63,198.34,708.47,188.49,25.07,25.07,,False,single_frame_vanishing_point_image_geometry_yaw,16.189996911673592,True,0.9708,0.1539,5,4,"[""yaw_sign_reference_flip"", ""high_cluster_ambiguity"", ""low_line_support_consistency""]"
21,2.1,-23.79,-0.58,-1.86,-23.79,-0.58,-1.86,,,,0.67,0.4,0.81,0.8,full,"[""Yaw reliability warning: [\""vp_side_flip\"", \""large_temporal_jump\"", \""high_cluster_ambiguity\""]""]",173,124,3,46,553,65,193.26,538.55,154.07,-23.79,-23.79,,False,single_frame_vanishing_point_image_geometry_yaw,173.37111293407568,True,0.9977,0.3707,4,5,"[""vp_side_flip"", ""large_temporal_jump"", ""high_cluster_ambiguity""]"
22,2.2,-25.95,-0.34,-2.05,25.95,-0.34,-2.05,,,,0.61,0.15,0.87,0.8,full,"[""Yaw reliability warning: [\""yaw_sign_reference_flip\"", \""vp_side_flip\"", \""large_temporal_jump\"", \""high_cluster_ambiguity\"", \""low_line_support_consistency\""]""]",194,132,4,58,1009,72,190.68,712.01,200.42,25.95,25.95,,False,single_frame_vanishing_point_image_geometry_yaw,179.54579944961122,True,0.9832,0.1536,5,6,"[""yaw_sign_reference_flip"", ""vp_side_flip"", ""large_temporal_jump"", ""high_cluster_ambiguity"", ""low_line_support_consistency""]"
23,2.3,-51.94,0.18,-1.45,51.94,0.18,-1.45,,,,0.64,0.24,0.88,0.8,full,"[""Yaw reliability warning: [\""yaw_sign_reference_flip\"", \""large_temporal_jump\"", \""high_cluster_ambiguity\"", \""low_line_support_consistency\""]""]",198,130,3,65,1220,56,185.02,859.82,195.6,51.94,51.94,,False,single_frame_vanishing_point_image_geometry_yaw,147.88856784755208,True,0.9929,0.0869,6,5,"[""yaw_sign_reference_flip"", ""large_temporal_jump"", ""high_cluster_ambiguity"", ""low_line_support_consistency""]"
24,2.4,-22.8,0.67,-0.0,22.8,0.67,-0.0,,,,0.64,0.24,0.86,0.81,full,"[""Yaw reliability warning: [\""yaw_sign_reference_flip\"", \""large_temporal_jump\"", \""high_cluster_ambiguity\"", \""low_line_support_consistency\""]""]",208,136,4,68,1027,64,179.77,699.61,185.29,22.8,22.8,,False,single_frame_vanishing_point_image_geometry_yaw,160.54139715350684,True,0.9965,0.258,5,6,"[""yaw_sign_reference_flip"", ""large_temporal_jump"", ""high_cluster_ambiguity"", ""low_line_support_consistency""]"
25,2.5,-15.47,-0.2,-1.71,-15.47,-0.2,-1.71,,,,0.66,0.3,0.87,0.8,full,"[""Yaw reliability warning: [\""vp_side_flip\"", \""large_temporal_jump\"", \""high_cluster_ambiguity\"", \""low_line_support_consistency\""]""]",203,118,4,81,1674,47,189.2,569.25,147.27,-15.47,-15.47,,False,single_frame_vanishing_point_image_geometry_yaw,135.79120000942623,True,0.9952,0.1547,2,3,"[""vp_side_flip"", ""large_temporal_jump"", ""high_cluster_ambiguity"", ""low_line_support_consistency""]"
26,2.6,-23.87,0.61,-0.0,23.87,0.61,-0.0,,,,0.62,0.15,0.91,0.81,full,"[""Yaw reliability warning: [\""yaw_sign_reference_flip\"", \""vp_side_flip\"", \""large_temporal_jump\"", \""high_cluster_ambiguity\"", \""low_line_support_consistency\""]""]",222,138,5,79,1804,59,180.37,703.75,187.72,23.87,23.87,,False,single_frame_vanishing_point_image_geometry_yaw,140.4508899936202,True,0.9813,0.179,3,4,"[""yaw_sign_reference_flip"", ""vp_side_flip"", ""large_temporal_jump"", ""high_cluster_ambiguity"", ""low_line_support_consistency""]"
27,2.7,-38.9,0.97,-0.0,38.9,0.97,-0.0,,,,0.7,0.44,0.85,0.8,full,"[""Yaw reliability warning: [\""yaw_sign_reference_flip\"", \""high_cluster_ambiguity\"", \""low_line_support_consistency\""]""]",208,124,8,76,1190,61,176.47,771.91,197.98,38.9,38.9,,False,single_frame_vanishing_point_image_geometry_yaw,68.92788405282724,True,0.9947,0.1303,4,5,"[""yaw_sign_reference_flip"", ""high_cluster_ambiguity"", ""low_line_support_consistency""]"
28,2.8,-44.5,0.83,-0.94,44.5,0.83,-0.94,,,,0.72,0.44,0.94,0.79,full,"[""Yaw reliability warning: [\""yaw_sign_reference_flip\"", \""high_cluster_ambiguity\"", \""low_line_support_consistency\""]""]",193,112,7,74,1566,61,178.0,804.76,188.89,44.5,44.5,,False,single_frame_vanishing_point_image_geometry_yaw,34.08446273597402,True,0.976,0.1379,5,6,"[""yaw_sign_reference_flip"", ""high_cluster_ambiguity"", ""low_line_support_consistency""]"
29,2.9,-31.87,1.08,-0.0,31.87,1.08,-0.0,,,,0.7,0.44,0.86,0.81,full,"[""Yaw reliability warning: [\""yaw_sign_reference_flip\"", \""high_cluster_ambiguity\"", \""low_line_support_consistency\""]""]",224,147,3,74,1485,67,175.25,737.27,189.99,31.87,31.87,,False,single_frame_vanishing_point_image_geometry_yaw,67.4989636957487,True,0.98,0.1751,3,4,"[""yaw_sign_reference_flip"", ""high_cluster_ambiguity"", ""low_line_support_consistency""]"
30,3.0,-37.76,0.8,-0.0,37.76,0.8,-0.0,,,,0.7,0.44,0.85,0.8,full,"[""Yaw reliability warning: [\""yaw_sign_reference_flip\"", \""high_cluster_ambiguity\"", \""low_line_support_consistency\""]""]",225,147,7,71,896,74,178.29,765.86,189.44,37.76,37.76,,False,single_frame_vanishing_point_image_geometry_yaw,28.595289821927,True,0.9793,0.1886,5,6,"[""yaw_sign_reference_flip"", ""high_cluster_ambiguity"", ""low_line_support_consistency""]"
31,3.1,-34.09,0.42,-0.78,34.09,0.42,-0.78,,,,0.7,0.44,0.85,0.81,full,"[""Yaw reliability warning: [\""yaw_sign_reference_flip\"", \""high_cluster_ambiguity\"", \""low_line_support_consistency\""]""]",234,146,7,81,1722,74,182.4,747.56,179.16,34.09,34.09,,False,single_frame_vanishing_point_image_geometry_yaw,20.989721294004895,True,0.9987,0.2085,3,4,"[""yaw_sign_reference_flip"", ""high_cluster_ambiguity"", ""low_line_support_consistency""]"
32,3.2,-3.12,0.12,-0.0,3.12,0.12,-0.0,,,,0.62,0.24,0.83,0.8,full,"[""Yaw reliability warning: [\""yaw_sign_reference_flip\"", \""large_temporal_jump\"", \""high_cluster_ambiguity\"", \""low_line_support_consistency\""]""]",224,112,4,108,2695,63,185.65,631.19,131.26,3.12,3.12,,False,single_frame_vanishing_point_image_geometry_yaw,125.8427069797848,True,0.9936,0.0794,3,4,"[""yaw_sign_reference_flip"", ""large_temporal_jump"", ""high_cluster_ambiguity"", ""low_line_support_consistency""]"
33,3.3,-47.2,1.32,-2.0,47.2,1.32,-2.0,,,,0.62,0.24,0.82,0.8,full,"[""Yaw reliability warning: [\""yaw_sign_reference_flip\"", \""large_temporal_jump\"", \""high_cluster_ambiguity\"", \""low_line_support_consistency\""]""]",224,134,4,86,2166,78,172.68,822.94,184.87,47.2,47.2,,False,single_frame_vanishing_point_image_geometry_yaw,199.1032259909417,True,0.9817,0.1477,3,4,"[""yaw_sign_reference_flip"", ""large_temporal_jump"", ""high_cluster_ambiguity"", ""low_line_support_consistency""]"
34,3.4,-47.68,0.75,-1.61,47.68,0.75,-1.61,,,,0.71,0.44,0.88,0.8,full,"[""Yaw reliability warning: [\""yaw_sign_reference_flip\"", \""high_cluster_ambiguity\"", \""low_line_support_consistency\""]""]",243,161,2,80,1586,82,178.86,826.36,191.46,47.68,47.68,,False,single_frame_vanishing_point_image_geometry_yaw,7.424587530630895,True,0.9697,0.1854,3,2,"[""yaw_sign_reference_flip"", ""high_cluster_ambiguity"", ""low_line_support_consistency""]"
35,3.5,-46.29,1.0,-0.0,46.29,1.0,-0.0,,,,0.71,0.44,0.89,0.81,full,"[""Yaw reliability warning: [\""yaw_sign_reference_flip\"", \""high_cluster_ambiguity\"", \""low_line_support_consistency\""]""]",222,132,3,87,2354,65,176.17,816.6,179.48,46.29,46.29,,False,single_frame_vanishing_point_image_geometry_yaw,15.452443172521305,True,0.9894,0.2311,4,5,"[""yaw_sign_reference_flip"", ""high_cluster_ambiguity"", ""low_line_support_consistency""]"
36,3.6,-57.15,2.06,-0.0,57.15,2.06,-0.0,,,,0.7,0.44,0.87,0.8,full,"[""Yaw reliability warning: [\""yaw_sign_reference_flip\"", \""high_cluster_ambiguity\"", \""low_line_support_consistency\""]""]",214,132,5,77,1716,69,164.65,910.57,177.28,57.15,57.15,,False,single_frame_vanishing_point_image_geometry_yaw,93.99574937197961,True,0.9662,0.088,4,3,"[""yaw_sign_reference_flip"", ""high_cluster_ambiguity"", ""low_line_support_consistency""]"
37,3.7,-53.77,1.59,-0.84,53.77,1.59,-0.84,,,,0.71,0.45,0.85,0.82,full,"[""Yaw reliability warning: [\""yaw_sign_reference_flip\"", \""high_cluster_ambiguity\"", \""low_line_support_consistency\""]""]",232,155,4,73,1121,79,169.77,876.23,186.4,53.77,53.77,,False,single_frame_vanishing_point_image_geometry_yaw,35.5304095107276,True,0.9824,0.1561,6,7,"[""yaw_sign_reference_flip"", ""high_cluster_ambiguity"", ""low_line_support_consistency""]"
38,3.8,-54.38,1.2,-0.74,54.38,1.2,-0.74,,,,0.7,0.44,0.86,0.79,full,"[""Yaw reliability warning: [\""yaw_sign_reference_flip\"", \""high_cluster_ambiguity\"", \""low_line_support_consistency\""]""]",234,147,6,81,1474,90,174.03,882.02,180.43,54.38,54.38,,False,single_frame_vanishing_point_image_geometry_yaw,8.316549765377442,True,0.9721,0.2707,5,6,"[""yaw_sign_reference_flip"", ""high_cluster_ambiguity"", ""low_line_support_consistency""]"
39,3.9,-46.97,1.96,-1.15,46.97,1.96,-1.15,,,,0.71,0.44,0.87,0.81,full,"[""Yaw reliability warning: [\""yaw_sign_reference_flip\"", \""high_cluster_ambiguity\"", \""low_line_support_consistency\""]""]",230,148,3,79,1634,69,165.7,821.35,170.23,46.97,46.97,,False,single_frame_vanishing_point_image_geometry_yaw,61.521450730619115,True,0.9864,0.1432,5,6,"[""yaw_sign_reference_flip"", ""high_cluster_ambiguity"", ""low_line_support_consistency""]"
40,4.0,-58.75,1.64,-1.1,58.75,1.64,-1.1,,,,0.7,0.44,0.84,0.81,full,"[""Yaw reliability warning: [\""yaw_sign_reference_flip\"", \""high_cluster_ambiguity\"", \""low_line_support_consistency\""]""]",266,163,4,99,2637,71,169.21,929.11,186.8,58.75,58.75,,False,single_frame_vanishing_point_image_geometry_yaw,109.02652200267602,True,0.9707,0.1604,6,5,"[""yaw_sign_reference_flip"", ""high_cluster_ambiguity"", ""low_line_support_consistency""]"
41,4.1,-66.89,1.47,-2.49,66.89,1.47,-2.49,,,,0.64,0.25,0.85,0.82,full,"[""Yaw reliability warning: [\""yaw_sign_reference_flip\"", \""large_temporal_jump\"", \""high_cluster_ambiguity\"", \""low_line_support_consistency\""]""]",250,146,3,101,2994,71,171.1,1059.24,184.51,66.89,66.89,,False,single_frame_vanishing_point_image_geometry_yaw,130.15014790617795,True,0.9763,0.0307,7,6,"[""yaw_sign_reference_flip"", ""large_temporal_jump"", ""high_cluster_ambiguity"", ""low_line_support_consistency""]"
42,4.2,-66.42,1.3,-1.13,66.42,1.3,-1.13,,,,0.68,0.44,0.8,0.8,full,"[""Yaw reliability warning: [\""yaw_sign_reference_flip\"", \""high_cluster_ambiguity\"", \""low_line_support_consistency\""]""]",232,144,5,83,2487,61,172.87,1049.42,199.43,66.42,66.42,,False,single_frame_vanishing_point_image_geometry_yaw,17.8616572579366,True,0.9863,0.0366,8,7,"[""yaw_sign_reference_flip"", ""high_cluster_ambiguity"", ""low_line_support_consistency""]"
43,4.3,-68.36,1.03,-1.59,68.36,1.03,-1.59,,,,0.69,0.45,0.82,0.8,full,"[""Yaw reliability warning: [\""yaw_sign_reference_flip\"", \""high_cluster_ambiguity\"", \""low_line_support_consistency\""]""]",277,151,2,124,5497,60,175.83,1092.32,192.08,68.36,68.36,,False,single_frame_vanishing_point_image_geometry_yaw,43.52507897752729,True,0.9822,0.0111,7,6,"[""yaw_sign_reference_flip"", ""high_cluster_ambiguity"", ""low_line_support_consistency""]"
44,4.4,-70.59,0.5,-0.0,70.59,0.5,-0.0,,,,0.69,0.45,0.82,0.8,full,"[""Yaw reliability warning: [\""yaw_sign_reference_flip\"", \""high_cluster_ambiguity\"", \""low_line_support_consistency\""]""]",276,157,3,116,4690,59,181.55,1151.72,180.28,70.59,70.59,,False,single_frame_vanishing_point_image_geometry_yaw,60.56071333793891,True,0.9841,0.0094,7,6,"[""yaw_sign_reference_flip"", ""high_cluster_ambiguity"", ""low_line_support_consistency""]"
45,4.5,-69.94,1.37,-0.76,69.94,1.37,-0.76,,,,0.7,0.44,0.87,0.79,full,"[""Yaw reliability warning: [\""yaw_sign_reference_flip\"", \""high_cluster_ambiguity\"", \""low_line_support_consistency\""]""]",284,146,3,135,6512,61,172.12,1133.21,190.32,69.94,69.94,,False,single_frame_vanishing_point_image_geometry_yaw,21.0575805827735,True,0.9728,0.0227,7,6,"[""yaw_sign_reference_flip"", ""high_cluster_ambiguity"", ""low_line_support_consistency""]"
46,4.6,-67.43,1.05,-1.51,67.43,1.05,-1.51,,,,0.71,0.45,0.88,0.81,full,"[""Yaw reliability warning: [\""yaw_sign_reference_flip\"", \""high_cluster_ambiguity\"", \""low_line_support_consistency\""]""]",295,176,5,114,4414,55,175.62,1070.97,199.56,67.43,67.43,,False,single_frame_vanishing_point_image_geometry_yaw,62.92213600951577,True,0.9871,0.0292,7,6,"[""yaw_sign_reference_flip"", ""high_cluster_ambiguity"", ""low_line_support_consistency""]"
47,4.7,-68.36,0.21,-0.99,68.36,0.21,-0.99,,,,0.69,0.44,0.81,0.81,full,"[""Yaw reliability warning: [\""yaw_sign_reference_flip\"", \""high_cluster_ambiguity\"", \""low_line_support_consistency\""]""]",261,160,3,98,3580,51,184.77,1092.41,192.76,68.36,68.36,,False,single_frame_vanishing_point_image_geometry_yaw,22.49252320216659,True,0.9815,0.0466,5,4,"[""yaw_sign_reference_flip"", ""high_cluster_ambiguity"", ""low_line_support_consistency""]"
48,4.8,-44.15,0.53,-2.2,44.15,0.53,-2.2,,,,0.62,0.25,0.82,0.8,full,"[""Yaw reliability warning: [\""yaw_sign_reference_flip\"", \""large_temporal_jump\"", \""high_cluster_ambiguity\"", \""low_line_support_consistency\""]""]",305,197,1,107,3859,60,181.26,802.52,159.4,44.15,44.15,,False,single_frame_vanishing_point_image_geometry_yaw,291.80319000997923,True,0.9997,0.1524,5,6,"[""yaw_sign_reference_flip"", ""large_temporal_jump"", ""high_cluster_ambiguity"", ""low_line_support_consistency""]"
49,4.9,-71.01,0.31,-0.0,71.01,0.31,-0.0,,,,0.64,0.25,0.85,0.82,full,"[""Yaw reliability warning: [\""yaw_sign_reference_flip\"", \""large_temporal_jump\"", \""high_cluster_ambiguity\"", \""low_line_support_consistency\""]""]",252,161,2,89,2885,47,183.68,1164.46,201.63,71.01,71.01,,False,single_frame_vanishing_point_image_geometry_yaw,364.39530252186296,True,0.9906,0.0094,8,7,"[""yaw_sign_reference_flip"", ""large_temporal_jump"", ""high_cluster_ambiguity"", ""low_line_support_consistency""]"
50,5.0,-71.7,0.38,-0.81,71.7,0.38,-0.81,,,,0.71,0.45,0.87,0.81,full,"[""Yaw reliability warning: [\""yaw_sign_reference_flip\"", \""high_cluster_ambiguity\"", \""low_line_support_consistency\""]""]",273,188,1,84,2446,43,182.87,1186.37,207.03,71.7,71.7,,False,single_frame_vanishing_point_image_geometry_yaw,22.56563980923195,True,0.994,0.0065,6,5,"[""yaw_sign_reference_flip"", ""high_cluster_ambiguity"", ""low_line_support_consistency""]"
51,5.1,-74.97,-0.34,-0.0,74.97,-0.34,-0.0,,,,0.63,0.25,0.82,0.83,full,"[""Yaw reliability warning: [\""yaw_sign_reference_flip\"", \""large_temporal_jump\"", \""high_cluster_ambiguity\"", \""low_line_support_consistency\""]""]",278,152,2,124,5345,34,190.67,1317.48,193.62,74.97,74.97,,False,single_frame_vanishing_point_image_geometry_yaw,131.79400669226212,True,0.9765,0.0062,8,7,"[""yaw_sign_reference_flip"", ""large_temporal_jump"", ""high_cluster_ambiguity"", ""low_line_support_consistency""]"
52,5.2,-73.66,0.36,-1.13,73.66,0.36,-1.13,,,,0.69,0.45,0.8,0.81,full,"[""Yaw reliability warning: [\""yaw_sign_reference_flip\"", \""high_cluster_ambiguity\"", \""low_line_support_consistency\""]""]",254,165,2,87,2636,39,183.08,1258.84,207.45,73.66,73.66,,False,single_frame_vanishing_point_image_geometry_yaw,60.24880496740173,True,0.9767,0.0083,7,6,"[""yaw_sign_reference_flip"", ""high_cluster_ambiguity"", ""low_line_support_consistency""]"
53,5.3,-67.03,-0.61,-0.86,67.03,-0.61,-0.86,,,,0.64,0.24,0.87,0.81,full,"[""Yaw reliability warning: [\""yaw_sign_reference_flip\"", \""large_temporal_jump\"", \""high_cluster_ambiguity\"", \""low_line_support_consistency\""]""]",241,181,0,60,1234,41,193.66,1062.25,226.1,67.03,67.03,,False,single_frame_vanishing_point_image_geometry_yaw,197.472657854195,True,0.9981,0.1191,6,5,"[""yaw_sign_reference_flip"", ""large_temporal_jump"", ""high_cluster_ambiguity"", ""low_line_support_consistency""]"
54,5.4,-15.7,-0.65,0.62,15.7,-0.65,0.62,,,,0.66,0.34,0.81,0.82,full,"[""Yaw reliability warning: [\""yaw_sign_reference_flip\"", \""large_temporal_jump\"", \""high_cluster_ambiguity\""]""]",237,164,5,68,1614,33,194.0,673.58,140.53,15.7,15.7,,False,single_frame_vanishing_point_image_geometry_yaw,397.97813231382446,True,0.9903,0.658,7,8,"[""yaw_sign_reference_flip"", ""large_temporal_jump"", ""high_cluster_ambiguity""]"
55,5.5,-66.9,-0.73,-0.0,66.9,-0.73,-0.0,,,,0.63,0.24,0.81,0.83,full,"[""Yaw reliability warning: [\""yaw_sign_reference_flip\"", \""large_temporal_jump\"", \""high_cluster_ambiguity\"", \""low_line_support_consistency\""]""]",200,118,6,76,1876,19,194.88,1059.37,192.35,66.9,66.9,,False,single_frame_vanishing_point_image_geometry_yaw,389.25471930344,True,0.984,0.0959,7,6,"[""yaw_sign_reference_flip"", ""large_temporal_jump"", ""high_cluster_ambiguity"", ""low_line_support_consistency""]"
56,5.6,-31.25,0.33,-0.0,31.25,0.33,-0.0,,,,0.66,0.34,0.83,0.81,full,"[""Yaw reliability warning: [\""yaw_sign_reference_flip\"", \""large_temporal_jump\"", \""high_cluster_ambiguity\""]""]",189,115,5,69,1604,24,183.38,734.49,145.41,31.25,31.25,,False,single_frame_vanishing_point_image_geometry_yaw,328.2535270183702,True,0.9898,0.6222,6,7,"[""yaw_sign_reference_flip"", ""large_temporal_jump"", ""high_cluster_ambiguity""]"
57,5.7,-62.79,-1.17,-0.0,-62.79,-1.17,-0.0,,,,0.66,0.29,0.86,0.83,full,"[""Yaw reliability warning: [\""vp_side_flip\"", \""large_temporal_jump\"", \""high_cluster_ambiguity\"", \""low_line_support_consistency\""]""]",172,111,4,57,1085,31,199.66,257.32,193.13,-62.79,-62.79,,False,single_frame_vanishing_point_image_geometry_yaw,479.5502135334735,True,0.9966,0.1724,5,7,"[""vp_side_flip"", ""large_temporal_jump"", ""high_cluster_ambiguity"", ""low_line_support_consistency""]"
58,5.8,-77.1,-1.22,-0.0,77.1,-1.22,-0.0,,,,0.6,0.15,0.84,0.81,full,"[""Yaw reliability warning: [\""yaw_sign_reference_flip\"", \""vp_side_flip\"", \""large_temporal_jump\"", \""high_cluster_ambiguity\"", \""low_line_support_consistency\""]""]",175,86,6,83,2402,25,200.21,1437.58,223.22,77.1,77.1,,False,single_frame_vanishing_point_image_geometry_yaw,1180.6435006808788,True,0.9781,0.0071,9,7,"[""yaw_sign_reference_flip"", ""vp_side_flip"", ""large_temporal_jump"", ""high_cluster_ambiguity"", ""low_line_support_consistency""]"
59,5.9,-74.24,-1.19,0.91,74.24,-1.19,0.91,,,,0.63,0.24,0.84,0.8,full,"[""Yaw reliability warning: [\""yaw_sign_reference_flip\"", \""large_temporal_jump\"", \""high_cluster_ambiguity\"", \""low_line_support_consistency\""]""]",119,65,4,50,918,29,199.94,1283.51,237.02,74.24,74.24,,False,single_frame_vanishing_point_image_geometry_yaw,154.6867961398127,True,0.9886,0.1623,10,9,"[""yaw_sign_reference_flip"", ""large_temporal_jump"", ""high_cluster_ambiguity"", ""low_line_support_consistency""]"
60,6.0,-68.81,-1.36,-0.0,68.81,-1.36,-0.0,,,,0.62,0.24,0.83,0.79,full,"[""Yaw reliability warning: [\""yaw_sign_reference_flip\"", \""large_temporal_jump\"", \""high_cluster_ambiguity\"", \""low_line_support_consistency\""]""]",131,79,5,47,782,36,201.73,1103.33,215.7,68.81,68.81,,False,single_frame_vanishing_point_image_geometry_yaw,181.43697197649664,True,0.9983,0.1279,7,8,"[""yaw_sign_reference_flip"", ""large_temporal_jump"", ""high_cluster_ambiguity"", ""low_line_support_consistency""]"
61,6.1,-44.54,-1.66,-0.0,44.54,-1.66,-0.0,,,,0.66,0.34,0.85,0.79,full,"[""Yaw reliability warning: [\""yaw_sign_reference_flip\"", \""large_temporal_jump\"", \""high_cluster_ambiguity\""]""]",105,69,2,34,372,35,204.98,805.03,138.7,44.54,44.54,,False,single_frame_vanishing_point_image_geometry_yaw,308.0777336971953,True,0.953,0.9032,2,3,"[""yaw_sign_reference_flip"", ""large_temporal_jump"", ""high_cluster_ambiguity""]"
62,6.2,-67.08,-2.23,-0.0,67.08,-2.23,-0.0,,,,0.65,0.24,0.91,0.8,full,"[""Yaw reliability warning: [\""yaw_sign_reference_flip\"", \""large_temporal_jump\"", \""high_cluster_ambiguity\"", \""low_line_support_consistency\""]""]",97,33,5,59,1356,13,211.13,1063.2,202.85,67.08,67.08,,False,single_frame_vanishing_point_image_geometry_yaw,266.02062213294676,True,0.9818,0.0715,4,3,"[""yaw_sign_reference_flip"", ""large_temporal_jump"", ""high_cluster_ambiguity"", ""low_line_support_consistency""]"
63,6.3,-39.46,-2.81,0.92,39.46,-2.81,0.92,,,,0.68,0.34,0.89,0.8,full,"[""Yaw reliability warning: [\""yaw_sign_reference_flip\"", \""large_temporal_jump\"", \""high_cluster_ambiguity\""]""]",82,41,4,37,502,19,217.43,774.92,151.67,39.46,39.46,,False,single_frame_vanishing_point_image_geometry_yaw,292.7878938754129,True,0.9705,0.7271,6,7,"[""yaw_sign_reference_flip"", ""large_temporal_jump"", ""high_cluster_ambiguity""]"
64,6.4,-55.66,-2.14,0.86,55.66,-2.14,0.86,,,,0.63,0.24,0.86,0.8,full,"[""Yaw reliability warning: [\""yaw_sign_reference_flip\"", \""large_temporal_jump\"", \""high_cluster_ambiguity\"", \""low_line_support_consistency\""]""]",74,36,3,35,454,20,210.21,894.7,161.77,55.66,55.66,,False,single_frame_vanishing_point_image_geometry_yaw,120.20506811278808,True,0.9903,0.2357,4,6,"[""yaw_sign_reference_flip"", ""large_temporal_jump"", ""high_cluster_ambiguity"", ""low_line_support_consistency""]"
65,6.5,-40.68,-3.02,-0.0,40.68,-3.02,-0.0,,,,0.74,0.54,0.87,0.8,full,"[""Yaw reliability warning: [\""yaw_sign_reference_flip\"", \""high_cluster_ambiguity\""]""]",90,51,5,34,470,24,219.71,781.71,123.32,40.68,40.68,,False,single_frame_vanishing_point_image_geometry_yaw,119.35301671931046,True,0.9898,0.734,5,7,"[""yaw_sign_reference_flip"", ""high_cluster_ambiguity""]"
66,6.6,-35.31,-2.4,-0.0,35.31,-2.4,-0.0,,,,0.75,0.54,0.92,0.8,full,"[""Yaw reliability warning: [\""yaw_sign_reference_flip\"", \""high_cluster_ambiguity\""]""]",87,44,3,40,620,23,213.0,753.44,129.39,35.31,35.31,,False,single_frame_vanishing_point_image_geometry_yaw,28.914318252381445,True,0.9955,0.7742,9,11,"[""yaw_sign_reference_flip"", ""high_cluster_ambiguity""]"
67,6.7,-13.06,-2.94,-0.0,13.06,-2.94,-0.0,,,,0.73,0.54,0.86,0.8,full,"[""Yaw reliability warning: [\""yaw_sign_reference_flip\"", \""high_cluster_ambiguity\""]""]",80,38,3,39,610,19,218.92,664.37,122.97,13.06,13.06,,False,single_frame_vanishing_point_image_geometry_yaw,89.30107110219905,True,0.987,0.7754,4,5,"[""yaw_sign_reference_flip"", ""high_cluster_ambiguity""]"
68,6.8,-45.62,-2.27,1.07,45.62,-2.27,1.07,,,,0.65,0.34,0.83,0.79,full,"[""Yaw reliability warning: [\""yaw_sign_reference_flip\"", \""large_temporal_jump\"", \""high_cluster_ambiguity\""]""]",90,57,2,31,346,27,211.59,812.09,141.58,45.62,45.62,,False,single_frame_vanishing_point_image_geometry_yaw,148.8876438795376,True,0.9963,0.578,6,7,"[""yaw_sign_reference_flip"", ""large_temporal_jump"", ""high_cluster_ambiguity""]"
69,6.9,-67.24,-3.32,-2.79,67.24,-3.32,-2.79,,,,0.63,0.24,0.86,0.79,full,"[""Yaw reliability warning: [\""yaw_sign_reference_flip\"", \""large_temporal_jump\"", \""high_cluster_ambiguity\"", \""low_line_support_consistency\""]""]",74,43,2,29,330,19,223.06,1066.69,258.36,67.24,67.24,,False,single_frame_vanishing_point_image_geometry_yaw,280.1048525106268,True,0.9889,0.1364,6,5,"[""yaw_sign_reference_flip"", ""large_temporal_jump"", ""high_cluster_ambiguity"", ""low_line_support_consistency""]"
70,7.0,-42.91,-3.21,-0.0,42.91,-3.21,-0.0,,,,0.66,0.34,0.85,0.79,full,"[""Yaw reliability warning: [\""yaw_sign_reference_flip\"", \""large_temporal_jump\"", \""high_cluster_ambiguity\""]""]",82,52,3,27,296,22,221.84,794.83,119.73,42.91,42.91,,False,single_frame_vanishing_point_image_geometry_yaw,305.16575250181666,True,0.984,0.6622,9,8,"[""yaw_sign_reference_flip"", ""large_temporal_jump"", ""high_cluster_ambiguity""]"
71,7.1,-42.45,-2.86,0.7,42.45,-2.86,0.7,,,,0.75,0.54,0.92,0.79,full,"[""Yaw reliability warning: [\""yaw_sign_reference_flip\"", \""high_cluster_ambiguity\""]""]",65,39,4,22,195,18,218.0,792.03,138.08,42.45,42.45,,False,single_frame_vanishing_point_image_geometry_yaw,18.56239478084659,True,0.9837,0.6205,8,9,"[""yaw_sign_reference_flip"", ""high_cluster_ambiguity""]"
72,7.2,-65.61,-3.04,1.05,-65.61,-3.04,1.05,,,,0.65,0.3,0.86,0.8,full,"[""Yaw reliability warning: [\""vp_side_flip\"", \""large_temporal_jump\"", \""high_cluster_ambiguity\"", \""low_line_support_consistency\""]""]",78,49,0,29,338,23,219.97,208.48,234.76,-65.61,-65.61,,False,single_frame_vanishing_point_image_geometry_yaw,591.5045434314093,True,0.9996,0.0947,10,12,"[""vp_side_flip"", ""large_temporal_jump"", ""high_cluster_ambiguity"", ""low_line_support_consistency""]"
73,7.3,-64.91,-3.13,-0.0,64.91,-3.13,-0.0,,,,0.6,0.15,0.85,0.8,full,"[""Yaw reliability warning: [\""yaw_sign_reference_flip\"", \""vp_side_flip\"", \""large_temporal_jump\"", \""high_cluster_ambiguity\"", \""low_line_support_consistency\""]""]",82,56,2,24,219,25,220.94,1020.36,223.86,64.91,64.91,,False,single_frame_vanishing_point_image_geometry_yaw,811.953166383382,True,0.9876,0.0594,6,5,"[""yaw_sign_reference_flip"", ""vp_side_flip"", ""large_temporal_jump"", ""high_cluster_ambiguity"", ""low_line_support_consistency""]"
74,7.4,-64.46,-2.84,-0.9,-64.46,-2.84,-0.9,,,,0.63,0.3,0.81,0.79,full,"[""Yaw reliability warning: [\""vp_side_flip\"", \""large_temporal_jump\"", \""high_cluster_ambiguity\"", \""low_line_support_consistency\""]""]",64,41,0,23,217,12,217.79,229.7,241.03,-64.46,-64.46,,False,single_frame_vanishing_point_image_geometry_yaw,790.8464101834187,True,0.9854,0.0737,1,2,"[""vp_side_flip"", ""large_temporal_jump"", ""high_cluster_ambiguity"", ""low_line_support_consistency""]"
75,7.5,-59.33,-3.54,-0.0,59.33,-3.54,-0.0,,,,0.6,0.15,0.85,0.8,full,"[""Yaw reliability warning: [\""yaw_sign_reference_flip\"", \""vp_side_flip\"", \""large_temporal_jump\"", \""high_cluster_ambiguity\"", \""low_line_support_consistency\""]""]",72,46,1,25,257,15,225.46,936.35,172.91,59.33,59.33,,False,single_frame_vanishing_point_image_geometry_yaw,709.9257404123337,True,0.9726,0.0584,5,4,"[""yaw_sign_reference_flip"", ""vp_side_flip"", ""large_temporal_jump"", ""high_cluster_ambiguity"", ""low_line_support_consistency""]"
76,7.6,-64.4,-2.79,2.15,64.4,-2.79,2.15,,,,0.7,0.45,0.86,0.8,full,"[""Yaw reliability warning: [\""yaw_sign_reference_flip\"", \""high_cluster_ambiguity\"", \""low_line_support_consistency\""]""]",71,40,0,31,383,16,217.3,1011.25,197.99,64.4,64.4,,False,single_frame_vanishing_point_image_geometry_yaw,78.98744457190647,True,0.9712,0.0653,4,3,"[""yaw_sign_reference_flip"", ""high_cluster_ambiguity"", ""low_line_support_consistency""]"
77,7.7,-59.58,-2.86,2.79,59.58,-2.86,2.79,,,,0.7,0.44,0.88,0.79,full,"[""Yaw reliability warning: [\""yaw_sign_reference_flip\"", \""high_cluster_ambiguity\"", \""low_line_support_consistency\""]""]",71,37,3,31,321,12,218.01,939.45,175.64,59.58,59.58,,False,single_frame_vanishing_point_image_geometry_yaw,75.19815489757707,True,0.977,0.1371,4,3,"[""yaw_sign_reference_flip"", ""high_cluster_ambiguity"", ""low_line_support_consistency""]"
78,7.8,-69.95,-3.16,2.31,69.95,-3.16,2.31,,,,0.62,0.25,0.81,0.79,full,"[""Yaw reliability warning: [\""yaw_sign_reference_flip\"", \""large_temporal_jump\"", \""high_cluster_ambiguity\"", \""low_line_support_consistency\""]""]",58,42,0,16,71,16,221.32,1133.26,198.56,69.95,69.95,,False,single_frame_vanishing_point_image_geometry_yaw,195.16055569709772,True,0.9642,0.1972,2,1,"[""yaw_sign_reference_flip"", ""large_temporal_jump"", ""high_cluster_ambiguity"", ""low_line_support_consistency""]"
79,7.9,-63.13,-4.23,2.79,63.13,-4.23,2.79,,,,0.64,0.25,0.88,0.79,full,"[""Yaw reliability warning: [\""yaw_sign_reference_flip\"", \""large_temporal_jump\"", \""high_cluster_ambiguity\"", \""low_line_support_consistency\""]""]",49,32,0,17,102,6,232.92,990.01,205.1,63.13,63.13,,False,single_frame_vanishing_point_image_geometry_yaw,143.39921234093302,True,0.9743,0.2059,3,2,"[""yaw_sign_reference_flip"", ""large_temporal_jump"", ""high_cluster_ambiguity"", ""low_line_support_consistency""]"
80,8.0,-65.51,-1.85,2.7,65.51,-1.85,2.7,,,,0.71,0.54,0.81,0.77,full,"[""Yaw reliability warning: [\""yaw_sign_reference_flip\"", \""high_cluster_ambiguity\""]""]",52,40,0,12,51,7,207.06,1031.56,210.03,65.51,65.51,,False,single_frame_vanishing_point_image_geometry_yaw,41.841455519615906,True,0.9961,0.3725,6,5,"[""yaw_sign_reference_flip"", ""high_cluster_ambiguity""]"
81,8.1,-67.03,-1.96,3.15,67.03,-1.96,3.15,,,,0.72,0.53,0.84,0.78,full,"[""Yaw reliability warning: [\""yaw_sign_reference_flip\"", \""high_cluster_ambiguity\""]""]",60,33,2,25,200,10,208.24,1062.28,212.87,67.03,67.03,,False,single_frame_vanishing_point_image_geometry_yaw,30.85099674240691,True,0.9963,0.53,5,4,"[""yaw_sign_reference_flip"", ""high_cluster_ambiguity""]"
82,8.2,-65.27,-2.74,-1.57,65.27,-2.74,-1.57,,,,0.7,0.54,0.8,0.76,full,"[""Yaw reliability warning: [\""yaw_sign_reference_flip\"", \""high_cluster_ambiguity\""]""]",61,27,1,33,374,7,216.68,1026.96,211.8,65.27,65.27,,False,single_frame_vanishing_point_image_geometry_yaw,35.33620381421858,True,0.967,0.7406,4,3,"[""yaw_sign_reference_flip"", ""high_cluster_ambiguity""]"
83,8.3,-67.21,-1.09,2.23,67.21,-1.09,2.23,,,,0.71,0.54,0.83,0.77,full,"[""Yaw reliability warning: [\""yaw_sign_reference_flip\"", \""high_cluster_ambiguity\""]""]",70,28,2,40,546,6,198.78,1066.13,211.79,67.21,67.21,,False,single_frame_vanishing_point_image_geometry_yaw,39.170001276487156,True,0.9813,0.5201,5,4,"[""yaw_sign_reference_flip"", ""high_cluster_ambiguity""]"
84,8.4,-67.94,-2.35,-0.0,67.94,-2.35,-0.0,,,,0.7,0.54,0.79,0.77,full,"[""Yaw reliability warning: [\""yaw_sign_reference_flip\"", \""high_cluster_ambiguity\""]""]",72,35,4,33,364,13,212.53,1082.35,203.08,67.94,67.94,,False,single_frame_vanishing_point_image_geometry_yaw,18.410662671397603,True,0.9738,0.5852,6,5,"[""yaw_sign_reference_flip"", ""high_cluster_ambiguity""]"
85,8.5,-67.43,-0.12,-1.85,67.43,-0.12,-1.85,,,,0.7,0.54,0.79,0.76,full,"[""Yaw reliability warning: [\""yaw_sign_reference_flip\"", \""high_cluster_ambiguity\""]""]",71,41,2,28,249,12,188.33,1070.92,205.84,67.43,67.43,,False,single_frame_vanishing_point_image_geometry_yaw,11.758507558359446,True,0.9655,0.494,7,6,"[""yaw_sign_reference_flip"", ""high_cluster_ambiguity""]"
86,8.6,-63.52,-0.95,-0.0,63.52,-0.95,-0.0,,,,0.7,0.54,0.79,0.78,full,"[""Yaw reliability warning: [\""yaw_sign_reference_flip\"", \""high_cluster_ambiguity\""]""]",73,37,3,33,318,15,197.34,996.38,209.0,63.52,63.52,,False,single_frame_vanishing_point_image_geometry_yaw,74.60695141875193,True,0.9744,0.5881,6,5,"[""yaw_sign_reference_flip"", ""high_cluster_ambiguity""]"
87,8.7,-66.31,4.72,-0.0,66.31,4.72,-0.0,,,,0.7,0.53,0.8,0.77,full,"[""Yaw reliability warning: [\""yaw_sign_reference_flip\"", \""high_cluster_ambiguity\""]""]",68,25,4,39,530,9,135.69,1047.17,195.5,66.31,66.31,,False,single_frame_vanishing_point_image_geometry_yaw,52.55353556136835,True,0.9658,0.5887,7,6,"[""yaw_sign_reference_flip"", ""high_cluster_ambiguity""]"
88,8.8,-61.15,4.77,-0.0,61.15,4.77,-0.0,,,,0.69,0.54,0.76,0.78,full,"[""Yaw reliability warning: [\""yaw_sign_reference_flip\"", \""high_cluster_ambiguity\""]""]",64,22,8,34,340,7,135.2,960.44,203.92,61.15,61.15,,False,single_frame_vanishing_point_image_geometry_yaw,87.13776047156595,True,0.9745,0.8147,6,7,"[""yaw_sign_reference_flip"", ""high_cluster_ambiguity""]"
89,8.9,-63.28,-0.82,-0.0,63.28,-0.82,-0.0,,,,0.71,0.54,0.81,0.78,full,"[""Yaw reliability warning: [\""yaw_sign_reference_flip\"", \""high_cluster_ambiguity\""]""]",61,19,5,37,478,10,195.89,992.54,197.94,63.28,63.28,,False,single_frame_vanishing_point_image_geometry_yaw,32.65226485253349,True,0.9688,0.6025,4,3,"[""yaw_sign_reference_flip"", ""high_cluster_ambiguity""]"
90,9.0,-62.57,1.4,-0.0,62.57,1.4,-0.0,,,,0.71,0.54,0.81,0.78,full,"[""Yaw reliability warning: [\""yaw_sign_reference_flip\"", \""high_cluster_ambiguity\""]""]",70,23,5,42,635,13,171.77,981.3,195.67,62.57,62.57,,False,single_frame_vanishing_point_image_geometry_yaw,11.466930714014115,True,0.949,0.6362,5,4,"[""yaw_sign_reference_flip"", ""high_cluster_ambiguity""]"
91,9.1,-63.42,2.57,-0.0,63.42,2.57,-0.0,,,,0.72,0.54,0.82,0.79,full,"[""Yaw reliability warning: [\""yaw_sign_reference_flip\"", \""high_cluster_ambiguity\""]""]",77,23,6,48,763,17,159.11,994.7,192.72,63.42,63.42,,False,single_frame_vanishing_point_image_geometry_yaw,13.720878251773915,True,0.9601,0.713,4,3,"[""yaw_sign_reference_flip"", ""high_cluster_ambiguity""]"
92,9.2,-61.53,2.12,-0.0,61.53,2.12,-0.0,,,,0.71,0.54,0.81,0.78,full,"[""Yaw reliability warning: [\""yaw_sign_reference_flip\"", \""high_cluster_ambiguity\""]""]",79,23,8,48,812,11,164.0,965.9,192.79,61.53,61.53,,False,single_frame_vanishing_point_image_geometry_yaw,28.800085069318875,True,0.9539,0.6872,3,2,"[""yaw_sign_reference_flip"", ""high_cluster_ambiguity""]"
93,9.3,-59.08,3.61,-0.0,59.08,3.61,-0.0,,,,0.74,0.54,0.87,0.82,full,"[""Yaw reliability warning: [\""yaw_sign_reference_flip\"", \""high_cluster_ambiguity\""]""]",70,21,9,40,612,16,147.84,933.22,194.45,59.08,59.08,,False,single_frame_vanishing_point_image_geometry_yaw,32.72213318229722,True,0.9748,0.817,3,4,"[""yaw_sign_reference_flip"", ""high_cluster_ambiguity""]"
94,9.4,-59.5,2.61,-0.94,59.5,2.61,-0.94,,,,0.71,0.54,0.78,0.81,full,"[""Yaw reliability warning: [\""yaw_sign_reference_flip\"", \""high_cluster_ambiguity\""]""]",64,24,6,34,398,16,158.67,938.49,189.69,59.5,59.5,,False,single_frame_vanishing_point_image_geometry_yaw,7.101443515229824,True,0.9625,0.8191,9,8,"[""yaw_sign_reference_flip"", ""high_cluster_ambiguity""]"
95,9.5,-57.36,2.13,-0.0,57.36,2.13,-0.0,,,,0.73,0.54,0.82,0.82,full,"[""Yaw reliability warning: [\""yaw_sign_reference_flip\"", \""high_cluster_ambiguity\""]""]",67,16,9,42,582,13,163.87,912.9,189.89,57.36,57.36,,False,single_frame_vanishing_point_image_geometry_yaw,25.590781543360524,True,0.9337,0.9347,2,1,"[""yaw_sign_reference_flip"", ""high_cluster_ambiguity""]"
96,9.6,-57.63,0.79,-0.0,57.63,0.79,-0.0,,,,0.82,0.79,0.87,0.81,full,"[""Yaw reliability warning: [\""yaw_sign_reference_flip\""]""]",58,15,5,38,441,13,178.41,916.02,186.82,57.63,57.63,,False,single_frame_vanishing_point_image_geometry_yaw,4.377133765376606,True,0.4764,0.9977,1,2,"[""yaw_sign_reference_flip""]"
97,9.7,-55.67,0.21,-0.0,55.67,0.21,-0.0,,,,0.72,0.54,0.8,0.83,full,"[""Yaw reliability warning: [\""yaw_sign_reference_flip\"", \""high_cluster_ambiguity\""]""]",56,16,6,34,398,12,184.69,894.8,187.53,55.67,55.67,,False,single_frame_vanishing_point_image_geometry_yaw,21.231874622840095,True,0.8352,0.9648,2,3,"[""yaw_sign_reference_flip"", ""high_cluster_ambiguity""]"
98,9.8,-51.48,-2.04,-0.0,51.48,-2.04,-0.0,,,,0.73,0.54,0.84,0.81,full,"[""Yaw reliability warning: [\""yaw_sign_reference_flip\"", \""high_cluster_ambiguity\""]""]",39,12,5,22,153,8,209.1,855.9,194.17,51.48,51.48,,False,single_frame_vanishing_point_image_geometry_yaw,39.4626354923236,True,0.5618,0.9804,1,2,"[""yaw_sign_reference_flip"", ""high_cluster_ambiguity""]"
99,9.9,-51.01,-1.48,-1.68,51.01,-1.48,-1.68,,,,0.82,0.79,0.84,0.83,full,"[""Yaw reliability warning: [\""yaw_sign_reference_flip\""]""]",39,15,4,20,119,13,203.03,851.99,190.15,51.01,51.01,,False,single_frame_vanishing_point_image_geometry_yaw,5.607896218725843,True,0.5342,0.9748,1,2,"[""yaw_sign_reference_flip""]"
100,10.0,-50.52,-1.71,-0.94,50.52,-1.71,-0.94,,,,0.84,0.8,0.88,0.84,full,"[""Yaw reliability warning: [\""yaw_sign_reference_flip\""]""]",33,9,6,18,110,6,205.55,847.99,176.77,50.52,50.52,,False,single_frame_vanishing_point_image_geometry_yaw,13.965113676587093,True,0.0,1.0,1,,"[""yaw_sign_reference_flip""]"
101,10.1,-45.92,-1.35,-1.18,45.92,-1.35,-1.18,,,,0.82,0.8,0.85,0.81,full,"[""Yaw reliability warning: [\""yaw_sign_reference_flip\""]""]",40,16,5,19,123,14,201.6,814.09,179.02,45.92,45.92,,False,single_frame_vanishing_point_image_geometry_yaw,33.974586090193924,True,0.0,1.0,1,,"[""yaw_sign_reference_flip""]"
102,10.2,-42.21,-0.48,-1.85,42.21,-0.48,-1.85,,,,0.8,0.79,0.79,0.83,full,"[""Yaw reliability warning: [\""yaw_sign_reference_flip\""]""]",34,9,8,17,95,8,192.19,790.62,182.0,42.21,42.21,,False,single_frame_vanishing_point_image_geometry_yaw,23.65842978728726,True,0.4751,0.9579,1,3,"[""yaw_sign_reference_flip""]"
103,10.3,-39.78,-1.08,-0.0,39.78,-1.08,-0.0,,,,0.73,0.54,0.84,0.81,full,"[""Yaw reliability warning: [\""yaw_sign_reference_flip\"", \""high_cluster_ambiguity\""]""]",43,17,5,21,166,15,198.75,776.7,179.72,39.78,39.78,,False,single_frame_vanishing_point_image_geometry_yaw,14.10548829356853,True,0.5922,0.8735,2,3,"[""yaw_sign_reference_flip"", ""high_cluster_ambiguity""]"
104,10.4,-37.53,-0.78,-1.29,37.53,-0.78,-1.29,,,,0.79,0.79,0.79,0.8,full,"[""Yaw reliability warning: [\""yaw_sign_reference_flip\""]""]",36,11,5,20,152,10,195.44,764.65,179.41,37.53,37.53,,False,single_frame_vanishing_point_image_geometry_yaw,12.053986892310844,True,0.0,1.0,1,,"[""yaw_sign_reference_flip""]"
105,10.5,-32.42,-0.63,-0.0,32.42,-0.63,-0.0,,,,0.81,0.79,0.84,0.81,full,"[""Yaw reliability warning: [\""yaw_sign_reference_flip\""]""]",43,12,6,25,234,8,193.82,739.75,180.11,32.42,32.42,,False,single_frame_vanishing_point_image_geometry_yaw,24.90983741416228,True,0.0,1.0,1,,"[""yaw_sign_reference_flip""]"
106,10.6,-32.22,-0.01,-0.0,32.22,-0.01,-0.0,,,,0.79,0.8,0.78,0.8,full,"[""Yaw reliability warning: [\""yaw_sign_reference_flip\""]""]",44,5,8,31,386,4,187.06,738.86,176.51,32.22,32.22,,False,single_frame_vanishing_point_image_geometry_yaw,3.708382396679196,True,0.477,0.9974,1,2,"[""yaw_sign_reference_flip""]"
107,10.7,-26.32,-0.1,-0.0,26.32,-0.1,-0.0,,,,0.72,0.54,0.85,0.77,full,"[""Yaw reliability warning: [\""yaw_sign_reference_flip\"", \""high_cluster_ambiguity\""]""]",64,13,8,43,754,12,188.08,713.52,176.36,26.32,26.32,,False,single_frame_vanishing_point_image_geometry_yaw,25.340443958226178,True,0.8978,0.9668,5,4,"[""yaw_sign_reference_flip"", ""high_cluster_ambiguity""]"
108,10.8,-21.22,0.08,-0.0,21.22,0.08,-0.0,,,,0.83,0.8,0.87,0.81,full,"[""Yaw reliability warning: [\""yaw_sign_reference_flip\""]""]",39,7,8,24,219,7,186.08,693.6,175.09,21.22,21.22,,False,single_frame_vanishing_point_image_geometry_yaw,19.96044338184897,True,0.0,1.0,1,,"[""yaw_sign_reference_flip""]"
109,10.9,-16.16,0.26,-0.81,16.16,0.26,-0.81,,,,0.81,0.8,0.85,0.79,full,"[""Yaw reliability warning: [\""yaw_sign_reference_flip\""]""]",37,8,7,22,179,8,184.16,675.19,172.79,16.16,16.16,,False,single_frame_vanishing_point_image_geometry_yaw,18.553115641314772,True,0.0,1.0,1,,"[""yaw_sign_reference_flip""]"
110,11.0,-11.09,0.87,-0.0,11.09,0.87,-0.0,,,,0.82,0.8,0.85,0.81,full,"[""Yaw reliability warning: [\""yaw_sign_reference_flip\""]""]",35,9,7,19,142,9,177.55,657.66,172.2,11.09,11.09,,False,single_frame_vanishing_point_image_geometry_yaw,17.539925883537908,True,0.0,1.0,1,,"[""yaw_sign_reference_flip""]"
111,11.1,-12.42,0.38,-0.0,12.42,0.38,-0.0,,,,0.74,0.55,0.84,0.82,full,"[""Yaw reliability warning: [\""yaw_sign_reference_flip\"", \""high_cluster_ambiguity\""]""]",35,12,7,16,94,12,182.92,662.18,176.46,12.42,12.42,,False,single_frame_vanishing_point_image_geometry_yaw,6.211119061811647,True,0.6901,0.9362,2,1,"[""yaw_sign_reference_flip"", ""high_cluster_ambiguity""]"
112,11.2,-5.35,0.06,-0.0,5.35,0.06,-0.0,,,,0.83,0.79,0.89,0.82,full,"[""Yaw reliability warning: [\""yaw_sign_reference_flip\""]""]",38,10,7,21,161,10,186.32,638.5,172.96,5.35,5.35,,False,single_frame_vanishing_point_image_geometry_yaw,23.93725965936781,True,0.0,1.0,1,,"[""yaw_sign_reference_flip""]"
113,11.3,-2.02,0.89,1.96,-2.02,0.89,1.96,,,,0.73,0.59,0.79,0.81,full,"[""Yaw reliability warning: [\""vp_side_flip\"", \""high_cluster_ambiguity\""]""]",25,7,3,15,82,7,177.36,614.39,167.1,-2.02,-2.02,,False,single_frame_vanishing_point_image_geometry_yaw,24.811926567681134,True,0.5641,0.9634,1,2,"[""vp_side_flip"", ""high_cluster_ambiguity""]"
114,11.4,-3.19,-0.15,1.45,-3.19,-0.15,1.45,,,,0.9,1.0,0.89,0.81,full,[],32,8,4,20,143,7,188.62,610.59,169.2,-3.19,-3.19,,False,single_frame_vanishing_point_image_geometry_yaw,4.34165866921844,False,0.0,1.0,1,,[]
115,11.5,-9.79,-0.37,-1.19,-9.79,-0.37,-1.19,,,,0.79,0.75,0.88,0.74,full,"[""Yaw reliability warning: [\""high_cluster_ambiguity\""]""]",24,6,1,17,108,6,191.0,588.74,169.45,-9.79,-9.79,,False,single_frame_vanishing_point_image_geometry_yaw,21.851430159145213,False,0.9492,0.8519,1,2,"[""high_cluster_ambiguity""]"
116,11.6,-7.9,-0.19,-0.87,-7.9,-0.19,-0.87,,,,0.77,0.99,0.64,0.68,full,[],21,3,3,15,78,2,189.09,595.05,179.43,-7.9,-7.9,,False,single_frame_vanishing_point_image_geometry_yaw,11.8074764450326,False,0.5083,0.9744,1,2,[]
117,11.7,-14.51,-4.68,2.15,-14.51,-4.68,2.15,,,,0.88,1.0,0.85,0.78,full,[],24,7,2,15,84,5,237.86,572.62,172.47,-14.51,-14.51,,False,single_frame_vanishing_point_image_geometry_yaw,23.485027144970427,False,0.479,0.9881,1,2,[]
118,11.8,-19.21,0.47,2.88,-19.21,0.47,2.88,,,,0.76,1.0,0.56,0.72,full,[],23,3,3,17,103,1,181.9,555.83,172.36,-19.21,-19.21,,False,single_frame_vanishing_point_image_geometry_yaw,16.790360329665315,False,0.4753,0.9903,1,2,[]
119,11.9,-25.93,-4.28,3.13,-25.93,-4.28,3.13,,,,0.86,0.99,0.78,0.8,full,[],27,6,3,18,99,4,233.44,530.08,171.39,-25.93,-25.93,,False,single_frame_vanishing_point_image_geometry_yaw,25.768263426160484,False,0.5229,0.9798,1,2,[]
120,12.0,-22.23,0.39,2.49,-22.23,0.39,2.49,,,,0.81,0.74,0.87,0.81,full,"[""Yaw reliability warning: [\""high_cluster_ambiguity\""]""]",35,7,4,24,192,4,182.73,544.56,181.73,-22.23,-22.23,,False,single_frame_vanishing_point_image_geometry_yaw,17.792863738027034,False,0.6978,0.9635,2,3,"[""high_cluster_ambiguity""]"
121,12.1,-31.19,-4.27,3.68,-31.19,-4.27,3.68,,,,0.78,0.75,0.75,0.83,full,"[""Yaw reliability warning: [\""high_cluster_ambiguity\""]""]",28,8,2,18,104,4,233.38,507.8,173.76,-31.19,-31.19,,False,single_frame_vanishing_point_image_geometry_yaw,37.61407316417613,False,0.7992,0.9231,1,2,"[""high_cluster_ambiguity""]"
122,12.2,-33.92,-0.79,1.82,-33.92,-0.79,1.82,,,,0.91,0.99,0.91,0.83,full,[],35,10,3,22,183,6,195.6,495.23,173.9,-33.92,-33.92,,False,single_frame_vanishing_point_image_geometry_yaw,12.570779609873043,False,0.4446,0.9836,3,1,[]
123,12.3,-37.02,-0.79,4.18,-37.02,-0.79,4.18,,,,0.9,1.0,0.87,0.83,full,[],30,9,3,18,120,6,195.54,479.97,174.03,-37.02,-37.02,,False,single_frame_vanishing_point_image_geometry_yaw,15.26055372520931,False,0.4131,0.9917,2,1,[]
124,12.4,-39.13,-0.28,-0.0,-39.13,-0.28,-0.0,,,,0.86,0.99,0.77,0.83,full,[],31,8,3,20,151,2,190.01,468.86,172.47,-39.13,-39.13,,False,single_frame_vanishing_point_image_geometry_yaw,11.218988367941217,False,0.4632,0.9868,2,1,[]
125,12.5,-41.12,-0.28,-0.0,-41.12,-0.28,-0.0,,,,0.84,0.74,0.95,0.84,full,"[""Yaw reliability warning: [\""high_cluster_ambiguity\""]""]",35,10,4,21,174,5,190.0,457.75,179.9,-41.12,-41.12,,False,single_frame_vanishing_point_image_geometry_yaw,13.365515328635869,False,0.6542,0.9713,1,2,"[""high_cluster_ambiguity""]"
126,12.6,-42.74,-0.33,0.55,-42.74,-0.33,0.55,,,,0.8,0.74,0.83,0.83,full,"[""Yaw reliability warning: [\""high_cluster_ambiguity\""]""]",41,8,4,29,303,3,190.61,448.22,173.83,-42.74,-42.74,,False,single_frame_vanishing_point_image_geometry_yaw,11.298929152800252,False,0.8999,0.9406,3,4,"[""high_cluster_ambiguity""]"
127,12.7,-47.08,-0.7,-0.0,-47.08,-0.7,-0.0,,,,0.84,0.74,0.94,0.83,full,"[""Yaw reliability warning: [\""high_cluster_ambiguity\""]""]",37,9,5,23,187,6,194.61,419.92,169.87,-47.08,-47.08,,False,single_frame_vanishing_point_image_geometry_yaw,28.575716963883874,False,0.9957,0.9091,3,4,"[""high_cluster_ambiguity""]"
128,12.8,-43.44,0.35,-0.0,-43.44,0.35,-0.0,,,,0.84,0.73,0.95,0.84,full,"[""Yaw reliability warning: [\""high_cluster_ambiguity\""]""]",37,8,4,25,236,5,183.19,443.92,185.95,-43.44,-43.44,,False,single_frame_vanishing_point_image_geometry_yaw,28.888862905971212,False,0.9467,0.9322,3,4,"[""high_cluster_ambiguity""]"
129,12.9,-44.15,-0.33,0.58,-44.15,-0.33,0.58,,,,0.85,0.73,0.98,0.83,full,"[""Yaw reliability warning: [\""high_cluster_ambiguity\""]""]",37,8,7,22,176,5,190.56,439.45,188.24,-44.15,-44.15,,False,single_frame_vanishing_point_image_geometry_yaw,5.022449601539107,False,0.7633,0.9489,2,3,"[""high_cluster_ambiguity""]"
130,13.0,-46.79,-1.8,-0.0,-46.79,-1.8,-0.0,,,,0.83,0.73,0.94,0.83,full,"[""Yaw reliability warning: [\""high_cluster_ambiguity\""]""]",34,7,5,22,170,5,206.54,421.95,179.97,-46.79,-46.79,,False,single_frame_vanishing_point_image_geometry_yaw,19.355694252596578,False,0.8235,0.9471,2,3,"[""high_cluster_ambiguity""]"
131,13.1,-46.77,-0.56,0.95,-46.77,-0.56,0.95,,,,0.84,0.73,0.96,0.83,full,"[""Yaw reliability warning: [\""high_cluster_ambiguity\""]""]",34,9,7,18,124,7,193.05,422.09,190.19,-46.77,-46.77,,False,single_frame_vanishing_point_image_geometry_yaw,10.220958859128627,False,0.5723,0.9758,1,2,"[""high_cluster_ambiguity""]"
132,13.2,-45.72,-1.02,0.88,-45.72,-1.02,0.88,,,,0.81,0.74,0.87,0.83,full,"[""Yaw reliability warning: [\""high_cluster_ambiguity\""]""]",31,6,6,19,138,4,198.1,429.27,187.93,-45.72,-45.72,,False,single_frame_vanishing_point_image_geometry_yaw,7.527283706623529,False,0.7227,0.9203,2,1,"[""high_cluster_ambiguity""]"
133,13.3,-45.85,-0.89,2.29,-45.85,-0.89,2.29,,,,0.83,0.74,0.94,0.82,full,"[""Yaw reliability warning: [\""high_cluster_ambiguity\""]""]",28,5,5,18,123,5,196.6,428.38,193.53,-45.85,-45.85,,False,single_frame_vanishing_point_image_geometry_yaw,5.670282179927196,False,0.8833,0.9187,1,2,"[""high_cluster_ambiguity""]"
134,13.4,-46.38,-0.47,1.75,-46.38,-0.47,1.75,,,,0.83,0.74,0.92,0.84,full,"[""Yaw reliability warning: [\""high_cluster_ambiguity\""]""]",35,6,10,19,133,5,192.06,424.78,187.49,-46.38,-46.38,,False,single_frame_vanishing_point_image_geometry_yaw,7.0314721076030775,False,0.5873,0.9699,1,2,"[""high_cluster_ambiguity""]"
135,13.5,-46.6,0.31,0.9,-46.6,0.31,0.9,,,,0.83,0.75,0.92,0.81,full,"[""Yaw reliability warning: [\""high_cluster_ambiguity\""]""]",32,10,3,19,143,8,183.59,423.22,182.63,-46.6,-46.6,,False,single_frame_vanishing_point_image_geometry_yaw,5.104233536976924,False,0.9556,0.8671,1,2,"[""high_cluster_ambiguity""]"
136,13.6,-45.89,-0.96,1.7,-45.89,-0.96,1.7,,,,0.91,1.0,0.91,0.83,full,[],29,8,4,17,103,7,197.37,428.09,180.6,-45.89,-45.89,,False,single_frame_vanishing_point_image_geometry_yaw,5.276153902228355,False,0.0,1.0,1,,[]
137,13.7,-43.83,-0.28,0.88,-43.83,-0.28,0.88,,,,0.91,1.0,0.92,0.82,full,[],34,10,9,15,86,9,190.0,441.51,186.03,-43.83,-43.83,,False,single_frame_vanishing_point_image_geometry_yaw,14.476923015613522,False,0.509,0.9767,1,2,[]
138,13.8,-42.9,-3.58,0.86,-42.9,-3.58,0.86,,,,0.86,1.0,0.76,0.82,full,[],34,8,9,17,104,4,225.81,447.25,175.3,-42.9,-42.9,,False,single_frame_vanishing_point_image_geometry_yaw,12.168833140445303,False,0.0,1.0,1,,[]
139,13.9,-41.51,-0.41,1.51,-41.51,-0.41,1.51,,,,0.89,1.0,0.85,0.82,full,[],37,14,9,14,55,10,191.47,455.47,171.76,-41.51,-41.51,,False,single_frame_vanishing_point_image_geometry_yaw,8.949860334105812,False,0.4471,0.9818,1,2,[]
140,14.0,-38.93,0.58,1.17,-38.93,0.58,1.17,,,,0.9,1.0,0.88,0.82,full,[],30,13,6,11,39,9,180.72,469.94,172.27,-38.93,-38.93,,False,single_frame_vanishing_point_image_geometry_yaw,14.478984771039686,False,0.0,1.0,1,,[]
141,14.1,-36.26,-0.81,0.95,-36.26,-0.81,0.95,,,,0.83,0.75,0.94,0.8,full,"[""Yaw reliability warning: [\""high_cluster_ambiguity\""]""]",47,22,6,19,136,16,195.83,483.83,168.42,-36.26,-36.26,,False,single_frame_vanishing_point_image_geometry_yaw,14.413694876748286,False,0.9068,0.8603,1,2,"[""high_cluster_ambiguity""]"
142,14.2,-33.35,0.25,1.86,-33.35,0.25,1.86,,,,0.81,0.74,0.9,0.8,full,"[""Yaw reliability warning: [\""high_cluster_ambiguity\""]""]",34,13,10,11,45,10,184.31,497.92,169.34,-33.35,-33.35,,False,single_frame_vanishing_point_image_geometry_yaw,14.120003541076077,False,0.5817,0.7556,1,3,"[""high_cluster_ambiguity""]"
143,14.3,-32.02,1.5,2.75,-32.02,1.5,2.75,,,,0.82,0.75,0.92,0.8,full,"[""Yaw reliability warning: [\""high_cluster_ambiguity\""]""]",25,5,4,16,94,5,170.77,504.08,175.38,-32.02,-32.02,,False,single_frame_vanishing_point_image_geometry_yaw,8.627120029302914,False,0.7301,0.7872,4,5,"[""high_cluster_ambiguity""]"
144,14.4,-29.43,1.1,3.13,-29.43,1.1,3.13,,,,0.83,0.75,0.91,0.83,full,"[""Yaw reliability warning: [\""high_cluster_ambiguity\""]""]",32,11,6,15,81,9,175.04,515.49,172.99,-29.43,-29.43,,False,single_frame_vanishing_point_image_geometry_yaw,11.657624114715679,False,0.6309,0.9136,2,1,"[""high_cluster_ambiguity""]"
145,14.5,-26.18,-0.05,1.68,-26.18,-0.05,1.68,,,,0.89,1.0,0.86,0.8,full,[],29,15,2,12,56,10,187.51,529.06,185.99,-26.18,-26.18,,False,single_frame_vanishing_point_image_geometry_yaw,18.792149956830333,False,0.4994,0.9643,1,2,[]
146,14.6,-32.46,0.55,3.32,-32.46,0.55,3.32,,,,0.82,0.74,0.89,0.82,full,"[""Yaw reliability warning: [\""high_cluster_ambiguity\""]""]",28,15,2,11,47,12,181.08,502.04,186.15,-32.46,-32.46,,False,single_frame_vanishing_point_image_geometry_yaw,27.02047371901529,False,0.9054,0.766,1,2,"[""high_cluster_ambiguity""]"
147,14.7,-24.84,0.45,2.52,-24.84,0.45,2.52,,,,0.81,0.74,0.84,0.84,full,"[""Yaw reliability warning: [\""high_cluster_ambiguity\""]""]",38,12,7,19,149,11,182.08,534.42,185.15,-24.84,-24.84,,False,single_frame_vanishing_point_image_geometry_yaw,32.395437950427464,False,0.9666,0.8523,1,2,"[""high_cluster_ambiguity""]"
148,14.8,-19.55,0.23,-0.0,-19.55,0.23,-0.0,,,,0.81,0.74,0.87,0.82,full,"[""Yaw reliability warning: [\""high_cluster_ambiguity\""]""]",39,16,6,17,118,15,184.55,554.58,171.31,-19.55,-19.55,,False,single_frame_vanishing_point_image_geometry_yaw,24.453449654394436,False,0.6305,0.9407,2,1,"[""high_cluster_ambiguity""]"
149,14.9,-16.99,0.46,-0.0,-16.99,0.46,-0.0,,,,0.92,1.0,0.92,0.84,full,[],34,11,5,18,128,10,182.0,563.88,168.07,-16.99,-16.99,,False,single_frame_vanishing_point_image_geometry_yaw,9.848228267053887,False,0.0,1.0,1,,[]
150,15.0,-13.68,0.29,-0.0,-13.68,0.29,-0.0,,,,0.82,0.74,0.9,0.83,full,"[""Yaw reliability warning: [\""high_cluster_ambiguity\""]""]",28,12,4,12,57,11,183.85,575.5,183.18,-13.68,-13.68,,False,single_frame_vanishing_point_image_geometry_yaw,19.061387672464996,False,0.5855,0.8596,1,2,"[""high_cluster_ambiguity""]"
151,15.1,-12.4,0.65,-0.0,-12.4,0.65,-0.0,,,,0.86,0.75,0.96,0.86,full,"[""Yaw reliability warning: [\""high_cluster_ambiguity\""]""]",32,15,3,14,83,12,180.0,579.9,167.79,-12.4,-12.4,,False,single_frame_vanishing_point_image_geometry_yaw,16.006626752692156,False,0.9641,0.6747,3,2,"[""high_cluster_ambiguity""]"
152,15.2,-11.83,0.18,-0.0,-11.83,0.18,-0.0,,,,0.94,1.0,0.97,0.85,full,[],25,8,7,10,38,8,185.0,581.84,172.67,-11.83,-11.83,,False,single_frame_vanishing_point_image_geometry_yaw,5.251475982997558,False,0.0,1.0,1,,[]
153,15.3,-12.9,-0.02,0.82,-12.9,-0.02,0.82,,,,0.92,0.99,0.95,0.83,full,[],33,14,10,9,28,14,187.21,578.18,180.28,-12.9,-12.9,,False,single_frame_vanishing_point_image_geometry_yaw,8.444388669406496,False,0.4673,0.9643,1,2,[]
