frame_index,pred_yaw,oxts_yaw,abs_yaw_error,yaw_inverted,abs_yaw_error_inverted,yaw_first_frame_relative,oxts_first_frame_relative,abs_first_frame_relative_error,is_91_100,is_88_103,inversion_improves_error
0,-62.98,-70.01026722086189,7.030267220861894,62.98,132.99026722086188,0.0,0.0,0.0,False,False,False
1,-54.47,-69.10310314383125,14.63310314383125,54.47,123.57310314383125,8.509999999999998,0.9071640770306431,7.602835922969355,False,False,False
2,-30.28,-68.38959880155484,38.10959880155484,30.28,98.66959880155484,32.699999999999996,1.6206684193070515,31.079331580692944,False,False,False
3,-49.45,-67.67655282551452,18.226552825514517,49.45,117.12655282551452,13.529999999999994,2.3337143953473714,11.196285604652623,False,False,False
4,-58.66,-66.87681833507092,8.216818335070926,58.66,125.53681833507092,4.32,3.133448885790969,1.1865511142090313,False,False,False
5,-54.77,-66.15941787978763,11.389417879787622,54.77,120.92941787978762,8.209999999999994,3.850849341074266,4.359150658925728,False,False,False
6,-62.58,-65.44161635404772,2.861616354047726,62.58,128.02161635404772,0.3999999999999986,4.568650866814167,4.168650866814168,False,False,False
7,-54.87,-64.67522800728074,9.80522800728074,54.87,119.54522800728074,8.11,5.335039213581155,2.774960786418845,False,False,False
8,-58.69,-64.01122721850363,5.321227218503637,58.69,122.70122721850363,4.289999999999999,5.999040002358257,1.7090400023582575,False,False,False
9,-67.44,-63.35496135996078,4.085038640039215,67.44,130.79496135996078,-4.460000000000001,6.655305860901109,11.11530586090111,False,False,False
10,-60.24,-62.63773279201601,2.397732792016008,60.24,122.87773279201602,2.739999999999995,7.372534428845881,4.6325344288458865,False,False,False
11,-60.66,-61.954595212881536,1.2945952128815392,60.66,122.61459521288154,2.3200000000000003,8.055672007980355,5.735672007980355,False,False,False
12,-61.95,-61.313340848571116,0.6366591514288871,61.95,123.26334084857112,1.029999999999994,8.696926372290775,7.666926372290781,False,False,False
13,-61.77,-60.604534760214776,1.1654652397852274,61.77,122.37453476021477,1.2099999999999937,9.405732460647116,8.195732460647122,False,False,False
14,-54.21,-59.92603813922085,5.716038139220849,54.21,114.13603813922086,8.769999999999996,10.084229081641041,1.3142290816410451,False,False,False
15,-69.99,-59.25544833579974,10.734551664200254,69.99,129.24544833579972,-7.009999999999998,10.75481888506215,17.764818885062148,False,False,False
16,-59.31,-58.58119160248979,0.728808397510214,59.31,117.89119160248978,3.6699999999999946,11.429075618372103,7.759075618372108,False,False,False
17,-53.06,-57.96818405747932,4.908184057479318,53.06,111.02818405747932,9.919999999999995,12.042083163382571,2.1220831633825767,False,False,False
18,-55.27,-57.33581053899343,2.065810538993425,55.27,112.60581053899344,7.709999999999994,12.674456681868463,4.9644566818684694,False,False,False
19,-40.58,-56.670434651508,16.090434651508005,40.58,97.250434651508,22.4,13.339832569353888,9.06016743064611,False,False,False
20,-53.39,-55.91298444634506,2.522984446345056,53.39,109.30298444634505,9.589999999999996,14.097282774516835,4.507282774516838,False,False,False
21,-55.88,-55.23964444550732,0.640355554492686,55.88,111.11964444550732,7.099999999999994,14.770622775354575,7.67062277535458,False,False,False
22,-51.32,-54.48918432544497,3.1691843254449665,51.32,105.80918432544496,11.659999999999997,15.521082895416924,3.861082895416928,False,False,False
23,-58.45,-53.80593215475145,4.64406784524855,58.45,112.25593215475146,4.529999999999994,16.20433506611044,11.674335066110444,False,False,False
24,-52.95,-53.13505587243277,0.18505587243276977,52.95,106.08505587243278,10.029999999999994,16.87521134842912,6.845211348429125,False,False,False
25,-53.79,-52.505719030261076,1.2842809697389228,53.79,106.29571903026107,9.189999999999998,17.504548190600815,8.314548190600817,False,False,False
26,-49.76,-51.70976606126534,1.9497660612653434,49.76,101.46976606126535,13.219999999999999,18.30050115959655,5.080501159596551,False,False,False
27,-51.82,-51.0307537782558,0.7892462217442002,51.82,102.85075377825581,11.159999999999997,18.97951344260609,7.819513442606095,False,False,False
28,-44.31,-50.39901051334455,6.089010513344547,44.31,94.70901051334455,18.669999999999995,19.61125670751734,0.941256707517347,False,False,False
29,-54.29,-49.64660233677876,4.643397663221236,54.29,103.93660233677876,8.689999999999998,20.36366488408313,11.67366488408313,False,False,False
30,-50.8,-48.96993918072925,1.8300608192707486,50.8,99.76993918072924,12.18,21.040328040132643,8.860328040132643,False,False,False
31,-50.03,-48.21924987754885,1.8107501224511537,50.03,98.24924987754885,12.949999999999996,21.791017343313044,8.841017343313048,False,False,False
32,-54.17,-47.498640858612816,6.671359141387185,54.17,101.66864085861282,8.809999999999995,22.511626362249075,13.70162636224908,False,False,False
33,-36.29,-46.75499893631252,10.464998936312519,36.29,83.04499893631251,26.689999999999998,23.255268284549373,3.4347317154506243,False,False,False
34,-39.39,-46.04607825639715,6.6560782563971514,39.39,85.43607825639715,23.589999999999996,23.96418896446474,0.3741889644647429,False,False,False
35,-45.02,-45.24766156888235,0.2276615688823469,45.02,90.26766156888235,17.959999999999994,24.76260565197954,6.8026056519795475,False,False,False
36,-40.74,-44.43056645724628,3.690566457246277,40.74,85.17056645724628,22.239999999999995,25.579700763615612,3.3397007636156175,False,False,False
37,-47.72,-43.63100385414121,4.088996145858786,47.72,91.35100385414121,15.259999999999998,26.37926336672068,11.11926336672068,False,False,False
38,-35.71,-42.726761861865754,7.016761861865753,35.71,78.43676186186576,27.269999999999996,27.283505358996138,0.013505358996141581,False,False,False
39,-47.93,-41.8895559316206,6.040444068379401,47.93,89.8195559316206,15.049999999999997,28.120711289241292,13.070711289241295,False,False,False
40,-44.17,-40.977922783787946,3.1920772162120556,44.17,85.14792278378795,18.809999999999995,29.032344437073945,10.22234443707395,False,False,False
41,-37.61,-39.90901272119188,2.299012721191879,37.61,77.51901272119187,25.369999999999997,30.101254499670013,4.731254499670015,False,False,False
42,-50.4,-38.95148565396924,11.448514346030755,50.4,89.35148565396923,12.579999999999998,31.058781566892648,18.47878156689265,False,False,False
43,-45.29,-37.961758358660255,7.328241641339744,45.29,83.25175835866025,17.689999999999998,32.048508862201636,14.358508862201639,False,False,False
44,-28.84,-36.80151882352034,7.96151882352034,28.84,65.64151882352034,34.14,33.20874839734155,0.931251602658449,False,False,False
45,-37.24,-35.72917101415349,1.5108289858465085,37.24,72.96917101415349,25.739999999999995,34.2810962067084,8.541096206708403,False,False,False
46,-38.55,-34.64290033036497,3.9070996696350306,38.55,73.19290033036496,24.43,35.367366890496925,10.937366890496925,False,False,False
47,-36.02,-33.44713741192694,2.5728625880730647,36.02,69.46713741192694,26.959999999999994,36.56312980893495,9.603129808934959,False,False,False
48,-22.85,-32.39186374485499,9.541863744854986,22.85,55.24186374485499,40.129999999999995,37.618403476006904,2.5115965239930915,False,False,False
49,-30.47,-31.35939379802925,0.8893937980292499,30.47,61.829393798029244,32.51,38.650873422832646,6.140873422832648,False,False,False
50,-19.44,-30.231297195196166,10.791297195196165,19.44,49.67129719519617,43.53999999999999,39.77897002566573,3.7610299743342637,False,False,False
51,-21.77,-29.25732623925328,7.487326239253282,21.77,51.027326239253284,41.209999999999994,40.75294098160861,0.45705901839138363,False,False,False
52,3.84,-28.3315410338809,32.1715410338809,-3.84,24.4915410338809,66.82,41.678726186980995,25.141273813018998,False,False,True
53,-3.05,-27.3145982433032,24.2645982433032,3.05,30.364598243303202,59.93,42.69566897755869,17.23433102244131,False,False,False
54,9.36,-26.431612985227087,35.79161298522709,-9.36,17.071612985227087,72.34,43.5786542356348,28.761345764365203,False,False,True
55,18.89,-25.57452541949089,44.46452541949089,-18.89,6.684525419490889,81.87,44.435741801371,37.434258198629,False,False,True
56,27.51,-24.68340416072392,52.19340416072392,-27.51,2.826595839276081,90.49,45.32686306013797,45.16313693986203,False,False,True
57,23.83,-24.01344461087745,47.84344461087745,-23.83,0.18344461087745145,86.81,45.99682260998444,40.81317739001556,False,False,True
58,33.33,-23.416938250366748,56.746938250366746,-33.33,9.91306174963325,96.31,46.59332897049514,49.71667102950486,False,False,True
59,3.12,-22.891364064893246,26.011364064893247,-3.12,19.771364064893245,66.1,47.118903155968646,18.98109684403135,False,False,True
60,33.52,-22.405438558842793,55.9254385588428,-33.52,11.11456144115721,96.5,47.6048286620191,48.8951713379809,False,False,True
61,45.25,-22.061434698646245,67.31143469864625,-45.25,23.188565301353755,108.22999999999999,47.948832522215646,60.281167477784344,False,False,True
62,24.52,-21.80904678989112,46.32904678989112,-24.52,2.7109532101088796,87.5,48.20122043097077,39.29877956902923,False,False,True
63,38.31,-21.639966944548014,59.94996694454802,-38.31,16.670033055451988,101.28999999999999,48.37030027631388,52.919699723686115,False,False,True
64,19.29,-21.59246874333167,40.88246874333167,-19.29,2.3024687433316693,82.27,48.417798477530226,33.85220152246977,False,False,True
65,42.72,-21.638534550060186,64.35853455006018,-42.72,21.081465449939813,105.69999999999999,48.371732670801705,57.32826732919828,False,False,True
66,42.02,-21.799764873610002,63.819764873610005,-42.02,20.22023512639,105.0,48.21050234725189,56.78949765274811,False,False,True
67,23.94,-22.078680728279682,46.01868072827968,-23.94,1.861319271720319,86.92,47.93158649258221,38.98841350741779,False,False,True
68,48.16,-22.476714508557066,70.63671450855706,-48.16,25.68328549144293,111.13999999999999,47.533552712304825,63.60644728769516,False,False,True
69,34.17,-23.019649315223035,57.189649315223036,-34.17,11.150350684776967,97.15,46.99061790563886,50.15938209436115,False,False,True
70,37.27,-23.583038715175174,60.853038715175174,-37.27,13.686961284824829,100.25,46.42722850568671,53.82277149431329,False,False,True
71,31.87,-24.328456806640375,56.19845680664038,-31.87,7.541543193359626,94.85,45.681810414221516,49.16818958577848,False,False,True
72,44.04,-25.13168633963428,69.17168633963428,-44.04,18.90831366036572,107.02,44.87858088122761,62.14141911877238,False,False,True
73,23.47,-26.009629569113237,49.479629569113236,-23.47,2.539629569113238,86.44999999999999,44.000637651748654,42.449362348251334,False,False,True
74,37.53,-27.041125487687257,64.57112548768725,-37.53,10.488874512312744,100.50999999999999,42.96914173317464,57.54085826682535,False,False,True
75,16.68,-28.091414421941572,44.77141442194157,-16.68,11.411414421941572,79.66,41.91885279892032,37.74114720107968,False,False,True
76,27.01,-29.246382745366287,56.25638274536629,-27.01,2.236382745366285,89.99,40.7638844754956,49.226115524504394,False,False,True
77,15.4,-30.566420209568186,45.966420209568184,-15.4,15.166420209568185,78.38,39.443847011293705,38.93615298870629,False,False,True
78,45.13,-31.770892086492207,76.9008920864922,-45.13,13.359107913507795,108.11,38.23937513436968,69.87062486563032,False,False,True
79,35.44,-33.00017303594539,68.44017303594538,-35.44,2.4398269640546104,98.41999999999999,37.010094184916504,61.409905815083484,False,False,True
80,7.03,-34.40953462040818,41.43953462040818,-7.03,27.37953462040818,70.00999999999999,35.60073260045371,34.40926739954628,False,False,True
81,53.03,-35.75787619968955,88.78787619968955,-53.03,17.272123800310453,116.00999999999999,34.25239102117234,81.75760897882765,False,False,True
82,60.66,-37.12203141411652,97.78203141411652,-60.66,23.537968585883476,123.63999999999999,32.88823580674537,90.75176419325462,False,False,True
83,55.0,-38.675434588275216,93.67543458827521,-55.0,16.324565411724784,117.97999999999999,31.334832632586675,86.64516736741331,False,False,True
84,62.33,-40.103188117961714,102.43318811796172,-62.33,22.226811882038284,125.31,29.907079102900177,95.40292089709982,False,False,True
85,39.81,-41.54205702887375,81.35205702887376,-39.81,1.7320570288737471,102.78999999999999,28.468210191988142,74.32178980801186,False,False,True
86,57.4,-43.128519867811484,100.52851986781148,-57.4,14.271480132188515,120.38,26.881747353050407,93.4982526469496,False,False,True
87,51.57,-44.565669905338126,96.13566990533812,-51.57,7.004330094661874,114.55,25.444597315523765,89.10540268447623,False,False,True
88,61.27,-45.99714766069298,107.26714766069298,-61.27,15.272852339307022,124.25,24.01311956016891,100.23688043983108,False,True,True
89,55.12,-47.532158889627965,102.65215888962797,-55.12,7.5878411103720325,118.1,22.478108331233926,95.62189166876607,False,True,True
90,60.05,-48.907314893721455,108.95731489372145,-60.05,11.142685106278542,123.03,21.102952327140436,101.92704767285957,False,True,True
91,62.01,-50.3089988437295,112.3189988437295,-62.01,11.7010011562705,124.99,19.701268377132394,105.2887316228676,True,True,True
92,59.2,-51.83123311383307,111.03123311383308,-59.2,7.368766886166931,122.18,18.17903410702882,104.00096589297118,True,True,True
93,58.35,-53.17361593204508,111.52361593204509,-58.35,5.1763840679549205,121.33,16.83665128881681,104.49334871118319,True,True,True
94,58.78,-54.528260047072884,113.30826004707288,-58.78,4.251739952927117,121.75999999999999,15.482007173789007,106.27799282621098,True,True,True
95,56.97,-56.03531093560549,113.00531093560548,-56.97,0.9346890643945116,119.94999999999999,13.974956285256404,105.97504371474358,True,True,True
96,57.64,-57.4478237879415,115.0878237879415,-57.64,0.19217621205849866,120.62,12.56244343292039,108.05755656707962,True,True,True
97,55.78,-58.860336640277524,114.64033664027752,-55.78,3.0803366402775225,118.75999999999999,11.149930580584368,107.61006941941562,True,True,True
98,51.64,-60.2853972683269,111.9253972683269,-51.64,8.645397268326903,114.62,9.724869952534988,104.89513004746502,True,True,True
99,51.55,-61.857135091929784,113.40713509192977,-51.55,10.307135091929787,114.53,8.153132128932107,106.3768678710679,True,True,True
100,50.52,-63.31760451171826,113.83760451171827,-50.52,12.797604511718255,113.5,6.692662709143633,106.80733729085637,True,True,True
101,45.92,-64.88269602489761,110.80269602489761,-45.92,18.96269602489761,108.9,5.127571195964279,103.77242880403573,False,True,True
102,42.41,-66.2381995766181,108.6481995766181,-42.41,23.828199576618104,105.38999999999999,3.7720676442437906,101.6179323557562,False,True,True
103,40.72,-67.58367636692383,108.30367636692382,-40.72,26.863676366923826,103.69999999999999,2.426590853938066,101.27340914606192,False,True,True
104,37.53,-69.05537575949685,106.58537575949686,-37.53,31.525375759496853,100.50999999999999,0.9548914613650368,99.55510853863495,False,False,True
105,32.42,-70.42703672104005,102.84703672104006,-32.42,38.00703672104005,95.4,-0.4167695001781624,95.81676950017817,False,False,True
106,32.22,-71.7958901893871,104.0158901893871,-32.22,39.575890189387096,95.19999999999999,-1.7856229685252032,96.98562296852519,False,False,True
107,26.22,-73.24123352338411,99.46123352338411,-26.22,47.02123352338411,89.19999999999999,-3.2309663025222193,92.43096630252221,False,False,True
108,21.22,-74.49704241875185,95.71704241875184,-21.22,53.27704241875185,84.19999999999999,-4.486775197889955,88.68677519788994,False,False,True
109,16.16,-75.73342804486465,91.89342804486465,-16.16,59.573428044864656,79.14,-5.723160824002761,84.86316082400276,False,False,True
110,11.09,-76.978809108361,88.06880910836101,-11.09,65.888809108361,74.07,-6.968541887499114,81.03854188749911,False,False,True
111,12.28,-78.33144787110587,90.61144787110587,-12.28,66.05144787110586,75.25999999999999,-8.321180650243974,83.58118065024397,False,False,True
112,5.35,-79.5316225645664,84.8816225645664,-5.35,74.18162256456641,68.33,-9.521355343704514,77.85135534370451,False,False,True
113,-1.28,-80.80118244701727,79.52118244701727,1.28,82.08118244701727,61.699999999999996,-10.790915226155377,72.49091522615538,False,False,False
114,-3.19,-81.87799932718613,78.68799932718613,3.19,85.06799932718613,59.79,-11.86773210632424,71.65773210632423,False,False,False
115,-7.81,-82.897864202519,75.087864202519,7.81,90.707864202519,55.169999999999995,-12.887596981657111,68.0575969816571,False,False,False
116,-7.57,-83.92059386682752,76.35059386682752,7.57,91.49059386682751,55.41,-13.910326645965625,69.32032664596562,False,False,False
117,-14.46,-85.06759807689991,70.6075980768999,14.46,99.52759807689992,48.519999999999996,-15.057330856038021,63.57733085603802,False,False,False
118,-19.21,-86.08809320580743,66.87809320580743,19.21,105.29809320580742,43.769999999999996,-16.077825984945534,59.84782598494553,False,False,False
119,-25.61,-87.10870292627396,61.498702926273964,25.61,112.71870292627396,37.37,-17.098435705412072,54.46843570541207,False,False,False
120,-21.96,-88.2440760931052,66.2840760931052,21.96,110.20407609310521,41.019999999999996,-18.233808872243316,59.25380887224331,False,False,False
121,-30.71,-89.27379584251432,58.56379584251432,30.71,119.98379584251433,32.269999999999996,-19.263528621652426,51.53352862165242,False,False,False
122,-34.1,-90.30078299460143,56.20078299460143,34.1,124.40078299460143,28.879999999999995,-20.290515773739543,49.17051577373954,False,False,False
123,-37.04,-91.42607210423839,54.38607210423839,37.04,128.46607210423838,25.939999999999998,-21.415804883376495,47.35580488337649,False,False,False
124,-39.13,-92.44937472634203,53.319374726342026,39.13,131.57937472634202,23.849999999999994,-22.439107505480138,46.28910750548013,False,False,False
125,-40.98,-93.45795233311081,52.477952333110814,40.98,134.43795233311081,22.0,-23.44768511224892,45.44768511224892,False,False,False
126,-42.61,-94.4971831819191,51.8871831819191,42.61,137.10718318191908,20.369999999999997,-24.486915961057207,44.856915961057204,False,False,False
127,-46.97,-95.36045869184272,48.390458691842724,46.97,142.33045869184272,16.009999999999998,-25.350191470980832,41.36019147098083,False,False,False
128,-43.25,-95.9888788015422,52.7388788015422,43.25,139.2388788015422,19.729999999999997,-25.978611580680308,45.708611580680305,False,False,False
129,-44.09,-96.46328785591052,52.37328785591052,44.09,140.55328785591053,18.889999999999993,-26.45302063504863,45.343020635048624,False,False,False
130,-45.9,-96.76214264185076,50.86214264185076,45.9,142.66214264185075,17.08,-26.751875420988867,43.831875420988865,False,False,False
131,-46.65,-96.91919037349612,50.26919037349612,46.65,143.56919037349613,16.33,-26.90892315263423,43.23892315263423,False,False,False
132,-45.75,-96.90320485101198,51.15320485101198,45.75,142.653204851012,17.229999999999997,-26.892937630150087,44.12293763015008,False,False,False
133,-45.64,-96.73750545666013,51.09750545666013,45.64,142.37750545666012,17.339999999999996,-26.72723823579824,44.067238235798236,False,False,False
134,-46.37,-96.4058201890589,50.0358201890589,46.37,142.7758201890589,16.61,-26.39555296819701,43.00555296819701,False,False,False
135,-46.19,-95.93496347302039,49.74496347302039,46.19,142.1249634730204,16.79,-25.924696252158498,42.7146962521585,False,False,False
136,-45.89,-95.28832330543574,49.39832330543574,45.89,141.17832330543575,17.089999999999996,-25.278056084573848,42.368056084573844,False,False,False
137,-43.74,-94.57017800501876,50.83017800501876,43.74,138.31017800501877,19.239999999999995,-24.55991078415687,43.799910784156864,False,False,False
138,-42.9,-93.76288047167944,50.86288047167944,42.9,136.66288047167944,20.08,-23.752613250817546,43.832613250817545,False,False,False
139,-41.5,-92.8977142010319,51.3977142010319,41.5,134.3977142010319,21.479999999999997,-22.88744698017001,44.36744698017001,False,False,False
140,-38.93,-92.0572424113545,53.127242411354494,38.93,130.9872424113545,24.049999999999997,-22.046975190492603,46.0969751904926,False,False,False
141,-36.03,-91.20089969075195,55.17089969075195,36.03,127.23089969075195,26.949999999999996,-21.190632469890062,48.14063246989006,False,False,False
142,-30.59,-90.31820091157343,59.728200911573424,30.59,120.90820091157343,32.39,-20.307933690711536,52.69793369071154,False,False,False
143,-32.03,-89.52635563860798,57.49635563860798,32.03,121.55635563860798,30.949999999999996,-19.51608841774609,50.466088417746086,False,False,False
144,-29.51,-88.70668221689382,59.19668221689382,29.51,118.21668221689383,33.47,-18.696414996031933,52.16641499603193,False,False,False
145,-26.03,-87.93886147563902,61.908861475639014,26.03,113.96886147563902,36.949999999999996,-17.928594254777124,54.87859425477712,False,False,False
146,-26.55,-87.13397036503923,60.583970365039235,26.55,113.68397036503923,36.42999999999999,-17.12370314417734,53.553703144177334,False,False,False
147,-22.13,-86.3949694008795,64.26496940087951,22.13,108.5249694008795,40.849999999999994,-16.384702180017612,57.23470218001761,False,False,False
148,-19.8,-85.65889052147493,65.85889052147493,19.8,105.45889052147493,43.17999999999999,-15.648623300613039,58.82862330061303,False,False,False
149,-16.99,-85.03980962383608,68.04980962383608,16.99,102.02980962383607,45.989999999999995,-15.029542402974187,61.01954240297418,False,False,False
150,-11.15,-84.44662641853714,73.29662641853713,11.15,95.59662641853714,51.83,-14.436359197675245,66.26635919767524,False,False,False
151,-12.53,-83.92317217690561,71.39317217690561,12.53,96.45317217690561,50.449999999999996,-13.912904956043718,64.3629049560437,False,False,False
152,-11.83,-83.42349568377202,71.59349568377202,11.83,95.25349568377202,51.15,-13.413228462910126,64.56322846291013,False,False,False
153,-11.79,-83.01314331089932,71.22314331089933,11.79,94.80314331089932,51.19,-13.002876090037432,64.19287609003743,False,False,False
